name,path,length
__init__,larpmanager/forms/event.py,10
_delete_optionals_warehouse,larpmanager/forms/miscellanea.py,10
has_ticket,larpmanager/forms/registration.py,10
init_ticket,larpmanager/forms/registration.py,10
_save_multi,larpmanager/forms/registration.py,10
render_js,larpmanager/forms/utils.py,10
__init__,larpmanager/forms/utils.py,10
label_from_instance,larpmanager/forms/utils.py,10
__init__,larpmanager/forms/config.py,10
__init__,larpmanager/forms/writing.py,10
__init__,larpmanager/forms/member.py,10
get_automatic_field,larpmanager/forms/base.py,10
init_paragraph,larpmanager/forms/base.py,10
__init__,larpmanager/forms/base.py,10
get_event_cache_all_key,larpmanager/cache/character.py,10
get_registration_accounting_cache_key,larpmanager/cache/accounting.py,10
cache_assoc_features,larpmanager/cache/feature.py,10
update_event_features,larpmanager/cache/feature.py,10
assoc_permission_feature_key,larpmanager/cache/permission.py,10
event_permission_feature_key,larpmanager/cache/permission.py,10
get_reg_counts,larpmanager/cache/registration.py,10
get_event_rels_key,larpmanager/cache/rels.py,10
build_relationship_dict,larpmanager/cache/rels.py,10
update_cache_section,larpmanager/cache/rels.py,10
update_m2m_related_characters,larpmanager/cache/rels.py,10
event_button_key,larpmanager/cache/button.py,10
__call__,larpmanager/middleware/association.py,10
is_ajax,larpmanager/middleware/base.py,10
_add_priority,larpmanager/views/manage.py,10
_add_action,larpmanager/views/manage.py,10
_add_suggestion,larpmanager/views/manage.py,10
error_500,larpmanager/views/base.py,10
exe_warehouse_items,larpmanager/views/exe/miscellanea.py,10
orga_characters,larpmanager/views/orga/character.py,10
check_writing_form_type,larpmanager/views/orga/character.py,10
get_casting_choices_quests,larpmanager/views/orga/casting.py,10
orga_px_abilities_edit,larpmanager/views/orga/experience.py,10
send_mail_batch,larpmanager/views/orga/member.py,10
badge,larpmanager/views/user/member.py,10
go_polib,larpmanager/management/commands/translate.py,10
handle_valid_paypal_ipn,larpmanager/accounting/gateway.py,10
decode_parameters,larpmanager/accounting/gateway.py,10
update_member_registrations,larpmanager/accounting/registration.py,10
round_up_to_two_decimals,larpmanager/accounting/payment.py,10
update_token_credit_on_other_save,larpmanager/accounting/token_credit.py,10
update_credit_on_expense_save,larpmanager/accounting/token_credit.py,10
__str__,larpmanager/models/accounting.py,10
post_save_run_links,larpmanager/models/signals.py,10
generate_id,larpmanager/models/utils.py,10
slug_url_validator,larpmanager/models/utils.py,10
show_reduced,larpmanager/models/larpmanager.py,10
show_thumb,larpmanager/models/larpmanager.py,10
show_thumb,larpmanager/models/larpmanager.py,10
_get_writing_elements,larpmanager/models/form.py,10
_get_writing_mapping,larpmanager/models/form.py,10
get_form_text,larpmanager/models/form.py,10
get_user_membership,larpmanager/models/member.py,10
file_size_display,larpmanager/admin/miscellanea.py,10
get_remember_profile_body,larpmanager/mail/remind.py,10
join_email,larpmanager/mail/base.py,10
manual_sitemap_view,larpmanager/urls/sitemap.py,9
larpmanager_sitemap,larpmanager/urls/sitemap.py,9
_init_writing_element,larpmanager/utils/event.py,9
get_char,larpmanager/utils/common.py,9
pretty_request,larpmanager/utils/common.py,9
get_or_create_index_tutorial,larpmanager/utils/tutorial_query.py,9
_get_values_mapping,larpmanager/utils/edit.py,9
backend_get,larpmanager/utils/edit.py,9
is_allowed_managed,larpmanager/utils/base.py,9
__init__,larpmanager/forms/character.py,9
save,larpmanager/forms/character.py,9
__init__,larpmanager/forms/accounting.py,9
__init__,larpmanager/forms/event.py,9
_compile_configs,larpmanager/forms/event.py,9
init_additionals,larpmanager/forms/registration.py,9
init_pay_what,larpmanager/forms/registration.py,9
__init__,larpmanager/forms/utils.py,9
save,larpmanager/forms/writing.py,9
__init__,larpmanager/forms/member.py,9
__init__,larpmanager/forms/member.py,9
_get_cached_assoc,larpmanager/forms/member.py,9
clean_member,larpmanager/forms/member.py,9
__init__,larpmanager/forms/member.py,9
get_cache_skin,larpmanager/cache/skin.py,9
get_cache_assoc,larpmanager/cache/association.py,9
remove_item_from_cache_section,larpmanager/cache/rels.py,9
get_form_kwargs,larpmanager/views/auth.py,9
exe_year_accounting,larpmanager/views/exe/accounting.py,9
exe_accounting_rec,larpmanager/views/exe/accounting.py,9
exe_roles,larpmanager/views/exe/assoc.py,9
_check_working_ticket,larpmanager/views/orga/character.py,9
orga_roles,larpmanager/views/orga/event.py,9
orga_casting_preferences,larpmanager/views/orga/casting.py,9
orga_casting_history,larpmanager/views/orga/casting.py,9
_save_questbuilder,larpmanager/views/orga/registration.py,9
lottery_info,larpmanager/views/orga/registration.py,9
copy_css,larpmanager/views/orga/copy.py,9
orga_export,larpmanager/views/orga/writing.py,9
orga_questions,larpmanager/views/orga/member.py,9
get_fact,larpmanager/views/user/event.py,9
register_conditions,larpmanager/views/user/registration.py,9
check_old_payments,larpmanager/management/commands/automate.py,9
check_password_reset,larpmanager/management/commands/automate.py,9
check_event_badge,larpmanager/management/commands/automate.py,9
__str__,larpmanager/models/accounting.py,9
post_save_faction_reset_rels,larpmanager/models/signals.py,9
refresh_all_instance_traits,larpmanager/models/casting.py,9
show,larpmanager/models/miscellanea.py,9
get_token_stats,larpmanager/models/miscellanea.py,9
show,larpmanager/models/member.py,9
small_text,larpmanager/models/base.py,9
update_registration_status_bkg,larpmanager/mail/registration.py,9
walk_patterns,larpmanager/urls/__init__.py,8
_reg_assign_characters,larpmanager/utils/upload.py,8
_extract_first_name,larpmanager/utils/fiscal_code.py,8
_extract_birth_date,larpmanager/utils/fiscal_code.py,8
compute_diff,larpmanager/utils/common.py,8
get_event_template,larpmanager/utils/common.py,8
rmdir,larpmanager/utils/common.py,8
normalize_string,larpmanager/utils/common.py,8
update_event_text,larpmanager/utils/text.py,8
update_event_text_def,larpmanager/utils/text.py,8
update_assoc_text,larpmanager/utils/text.py,8
update_assoc_text_def,larpmanager/utils/text.py,8
get_or_create_index_guide,larpmanager/utils/tutorial_query.py,8
check_assoc,larpmanager/utils/edit.py,8
print_character,larpmanager/utils/pdf.py,8
cleanup_character_pdfs_before_delete,larpmanager/utils/pdf.py,8
cleanup_character_pdfs_on_save,larpmanager/utils/pdf.py,8
cleanup_faction_pdfs_on_save,larpmanager/utils/pdf.py,8
_expand_val,larpmanager/utils/download.py,8
__init__,larpmanager/forms/accounting.py,8
__init__,larpmanager/forms/accounting.py,8
__init__,larpmanager/forms/accounting.py,8
add_feature_extra,larpmanager/forms/event.py,8
__init__,larpmanager/forms/miscellanea.py,8
has_ticket_primary,larpmanager/forms/registration.py,8
__init__,larpmanager/forms/writing.py,8
__init__,larpmanager/forms/writing.py,8
_get_cached_membership,larpmanager/forms/member.py,8
clean,larpmanager/forms/member.py,8
clean_member,larpmanager/forms/member.py,8
save_reg_questions,larpmanager/forms/base.py,8
__init__,larpmanager/forms/base.py,8
get_event_cache_all,larpmanager/cache/character.py,8
has_different_cache_values,larpmanager/cache/character.py,8
on_quest_type_pre_save_update_cache,larpmanager/cache/character.py,8
on_quest_pre_save_update_cache,larpmanager/cache/character.py,8
on_trait_pre_save_update_cache,larpmanager/cache/character.py,8
clear_event_cache_all_runs,larpmanager/cache/character.py,8
on_association_post_save_reset_features_cache,larpmanager/cache/feature.py,8
get_assoc_role,larpmanager/cache/role.py,8
get_event_role,larpmanager/cache/role.py,8
get_assoc_config,larpmanager/cache/config.py,8
get_client_ip,larpmanager/views/api.py,8
upload_media,larpmanager/views/base.py,8
exe_templates,larpmanager/views/exe/event.py,8
exe_volunteer_registry,larpmanager/views/exe/member.py,8
exe_questions_close,larpmanager/views/exe/member.py,8
orga_workshop_options,larpmanager/views/orga/miscellanea.py,8
orga_registrations_reload,larpmanager/views/orga/registration.py,8
orga_registration_discounts,larpmanager/views/orga/registration.py,8
_copy_event_fields,larpmanager/views/orga/copy.py,8
orga_pdf_regenerate,larpmanager/views/orga/pdf.py,8
help_red,larpmanager/views/user/miscellanea.py,8
badges,larpmanager/views/user/member.py,8
unsubscribe,larpmanager/views/user/member.py,8
prepare_m2m,larpmanager/management/commands/import_features.py,8
handle,larpmanager/management/commands/translate.py,8
handle,larpmanager/management/commands/check_payments.py,8
handle,larpmanager/management/commands/automate.py,8
check_payment_not_approved,larpmanager/management/commands/automate.py,8
clean_db,larpmanager/management/commands/automate.py,8
handle,larpmanager/management/commands/assocs_mail.py,8
satispay_webhook,larpmanager/accounting/gateway.py,8
process_registration_pre_save,larpmanager/accounting/registration.py,8
log_registration_ticket_saved,larpmanager/accounting/registration.py,8
process_registration_option_post_save,larpmanager/accounting/registration.py,8
update_token_credit_on_payment_save,larpmanager/accounting/token_credit.py,8
show,larpmanager/models/accounting.py,8
post_save_payment_accounting_cache,larpmanager/models/signals.py,8
post_save_association_reset_lm_home,larpmanager/models/signals.py,8
show,larpmanager/models/casting.py,8
show,larpmanager/models/casting.py,8
get_absolute_url,larpmanager/models/base.py,8
notify_token,larpmanager/mail/accounting.py,8
send_gift_collection_notification_email,larpmanager/mail/accounting.py,8
send_pre_registration_confirmation_email,larpmanager/mail/registration.py,8
get_character_sheet_plots,larpmanager/utils/character.py,7
get_character_sheet_factions,larpmanager/utils/character.py,7
update_run_plan_on_event_change,larpmanager/utils/event.py,7
prepare_campaign_event_data,larpmanager/utils/event.py,7
copy_parent_event_to_campaign,larpmanager/utils/event.py,7
auto_assign_event_permission_number,larpmanager/utils/auth.py,7
tickets_load,larpmanager/utils/upload.py,7
abilities_load,larpmanager/utils/upload.py,7
_get_features_map,larpmanager/utils/registration.py,7
get_player_signup,larpmanager/utils/registration.py,7
get_workshop_option,larpmanager/utils/common.py,7
remove_choice,larpmanager/utils/common.py,7
generate_association_encryption_key,larpmanager/utils/association.py,7
auto_assign_association_permission_number,larpmanager/utils/association.py,7
generate_tutorial_url_slug,larpmanager/utils/larpmanager.py,7
print_character_friendly,larpmanager/utils/pdf.py,7
print_character_rel,larpmanager/utils/pdf.py,7
cleanup_handout_pdfs_before_delete,larpmanager/utils/pdf.py,7
cleanup_handout_pdfs_after_save,larpmanager/utils/pdf.py,7
cleanup_handout_template_pdfs_before_delete,larpmanager/utils/pdf.py,7
cleanup_handout_template_pdfs_after_save,larpmanager/utils/pdf.py,7
cleanup_relationship_pdfs_before_delete,larpmanager/utils/pdf.py,7
cleanup_relationship_pdfs_after_save,larpmanager/utils/pdf.py,7
cleanup_faction_pdfs_before_delete,larpmanager/utils/pdf.py,7
deactivate_castings_and_remove_pdfs,larpmanager/utils/pdf.py,7
_get_standard_row,larpmanager/utils/download.py,7
get_writer,larpmanager/utils/download.py,7
_save_px,larpmanager/forms/character.py,7
_init_applicable,larpmanager/forms/character.py,7
__init__,larpmanager/forms/accounting.py,7
set_config_char_form,larpmanager/forms/event.py,7
set_config_writing,larpmanager/forms/event.py,7
set_config_casting,larpmanager/forms/event.py,7
get_input_css,larpmanager/forms/event.py,7
__init__,larpmanager/forms/experience.py,7
set_run,larpmanager/forms/utils.py,7
clean_username,larpmanager/forms/member.py,7
save,larpmanager/forms/member.py,7
clean_member,larpmanager/forms/member.py,7
clean_card_number,larpmanager/forms/member.py,7
delete_all_in_path,larpmanager/cache/character.py,7
update_character_fields,larpmanager/cache/character.py,7
update_event_cache_all_character_reg,larpmanager/cache/character.py,7
update_event_cache_all_character,larpmanager/cache/character.py,7
on_character_factions_m2m_changed,larpmanager/cache/character.py,7
clear_registration_accounting_cache,larpmanager/cache/accounting.py,7
reset_assoc_features,larpmanager/cache/feature.py,7
get_cache_run,larpmanager/cache/run.py,7
on_run_pre_save_invalidate_cache,larpmanager/cache/run.py,7
on_event_pre_save_invalidate_cache,larpmanager/cache/run.py,7
get_cache_config_run,larpmanager/cache/run.py,7
on_run_post_save_reset_config_cache,larpmanager/cache/run.py,7
on_event_post_save_reset_config_cache,larpmanager/cache/run.py,7
get_event_permission_feature,larpmanager/cache/permission.py,7
get_element_configs,larpmanager/cache/config.py,7
get_cache_lm_home,larpmanager/cache/larpmanager.py,7
_get_promoters,larpmanager/cache/larpmanager.py,7
get_cache_text_field,larpmanager/cache/text_fields.py,7
update_cache_text_fields,larpmanager/cache/text_fields.py,7
_init_element_cache_reg_field,larpmanager/cache/text_fields.py,7
get_cache_reg_field,larpmanager/cache/text_fields.py,7
_check_intro_driver,larpmanager/views/manage.py,7
get_base_domain,larpmanager/views/base.py,7
exe_run_accounting,larpmanager/views/exe/accounting.py,7
exe_events,larpmanager/views/exe/event.py,7
exe_larpmanager,larpmanager/views/exe/assoc.py,7
writing_option_edit,larpmanager/views/orga/character.py,7
check_speedlarp_prepare,larpmanager/views/orga/character.py,7
orga_pre_registrations,larpmanager/views/orga/registration.py,7
orga_characters_sheet_test,larpmanager/views/orga/pdf.py,7
orga_version,larpmanager/views/orga/writing.py,7
orga_questions_close,larpmanager/views/orga/member.py,7
chats,larpmanager/views/user/member.py,7
handle,larpmanager/management/commands/import_features.py,7
__init__,larpmanager/accounting/gateway.py,7
process_accounting_discount_post_save,larpmanager/accounting/registration.py,7
_process_payment,larpmanager/accounting/payment.py,7
update_token_credit_on_payment_delete,larpmanager/accounting/token_credit.py,7
handle_accounting_item_collection_post_save,larpmanager/accounting/base.py,7
download,larpmanager/models/accounting.py,7
__str__,larpmanager/models/accounting.py,7
unique_contribute_code,larpmanager/models/accounting.py,7
unique_redeem_code,larpmanager/models/accounting.py,7
post_delete_faction_reset_rels,larpmanager/models/signals.py,7
post_delete_plot_reset_rels,larpmanager/models/signals.py,7
post_delete_prologue_reset_rels,larpmanager/models/signals.py,7
post_delete_quest_reset_rels,larpmanager/models/signals.py,7
post_delete_questtype_reset_rels,larpmanager/models/signals.py,7
post_delete_speedlarp_reset_rels,larpmanager/models/signals.py,7
get_small_text,larpmanager/models/miscellanea.py,7
my_uuid_short,larpmanager/models/utils.py,7
get_attr,larpmanager/models/utils.py,7
text_red,larpmanager/models/larpmanager.py,7
text_red,larpmanager/models/larpmanager.py,7
get_def_writing_types,larpmanager/models/form.py,7
get_writing_max_length,larpmanager/models/form.py,7
get_answer_types,larpmanager/models/form.py,7
get_choice_types,larpmanager/models/form.py,7
get_basic_types,larpmanager/models/form.py,7
show,larpmanager/models/form.py,7
get_example_csv,larpmanager/models/writing.py,7
auto_assign_sequential_numbers,larpmanager/models/base.py,7
update_model_search_field,larpmanager/models/base.py,7
__str__,larpmanager/models/base.py,7
handle_bulk_quest,larpmanager/utils/bulk.py,6
handle_bulk_trait,larpmanager/utils/bulk.py,6
handle_bulk_ability,larpmanager/utils/bulk.py,6
get_character_sheet_prologue,larpmanager/utils/character.py,6
get_character_sheet_speedlarp,larpmanager/utils/character.py,6
_get_questions,larpmanager/utils/upload.py,6
on_rule_abilities_m2m_changed,larpmanager/utils/experience.py,6
on_modifier_abilities_m2m_changed,larpmanager/utils/experience.py,6
check_signup,larpmanager/utils/registration.py,6
get_reduced_available_count,larpmanager/utils/registration.py,6
_clean_birth_place,larpmanager/utils/fiscal_code.py,6
get_relationship,larpmanager/utils/common.py,6
get_time_diff_today,larpmanager/utils/common.py,6
html_clean,larpmanager/utils/common.py,6
format_email_body,larpmanager/utils/common.py,6
get_membership_request,larpmanager/utils/pdf.py,6
print_profiles,larpmanager/utils/pdf.py,6
print_handout,larpmanager/utils/pdf.py,6
_get_rel,larpmanager/forms/character.py,6
__init__,larpmanager/forms/accounting.py,6
set_configs,larpmanager/forms/event.py,6
init_campaign,larpmanager/forms/event.py,6
__init__,larpmanager/forms/miscellanea.py,6
label_from_instance,larpmanager/forms/utils.py,6
label_from_instance,larpmanager/forms/utils.py,6
__init__,larpmanager/forms/association.py,6
__init__,larpmanager/forms/larpmanager.py,6
__init__,larpmanager/forms/warehouse.py,6
__init__,larpmanager/forms/warehouse.py,6
clean,larpmanager/forms/member.py,6
init_text,larpmanager/forms/base.py,6
on_character_pre_save_update_cache,larpmanager/cache/character.py,6
add_count,larpmanager/cache/registration.py,6
_init_skin,larpmanager/cache/association.py,6
_init_payments,larpmanager/cache/association.py,6
update_cache_reg_fields,larpmanager/cache/text_fields.py,6
exe_collections,larpmanager/views/exe/accounting.py,6
exe_templates_config,larpmanager/views/exe/event.py,6
orga_workshop_questions,larpmanager/views/orga/miscellanea.py,6
_orga_registrations_discount,larpmanager/views/orga/registration.py,6
orga_registration_discount_del,larpmanager/views/orga/registration.py,6
orga_characters_relationships_test,larpmanager/views/orga/pdf.py,6
orga_newsletter,larpmanager/views/orga/member.py,6
check_visibility,larpmanager/views/user/event.py,6
character_pdf_sheet,larpmanager/views/user/pdf.py,6
redsys_invoice_cod,larpmanager/accounting/gateway.py,6
post_save_assignment_trait,larpmanager/models/signals.py,6
pre_save_character_update_status,larpmanager/models/signals.py,6
post_delete_character_reset_rels,larpmanager/models/signals.py,6
post_save_plot_reset_rels,larpmanager/models/signals.py,6
post_save_prologue_reset_rels,larpmanager/models/signals.py,6
post_save_quest_reset_rels,larpmanager/models/signals.py,6
post_save_questtype_reset_rels,larpmanager/models/signals.py,6
pre_save_registration_switch_event,larpmanager/models/signals.py,6
post_save_speedlarp_reset_rels,larpmanager/models/signals.py,6
post_save_trait_reset_rels,larpmanager/models/signals.py,6
save,larpmanager/models/miscellanea.py,6
download,larpmanager/models/utils.py,6
__init__,larpmanager/models/utils.py,6
promoter_dict,larpmanager/models/association.py,6
show_red,larpmanager/models/writing.py,6
get_member_filepath,larpmanager/models/member.py,6
get_residence,larpmanager/models/member.py,6
token_count,larpmanager/admin/miscellanea.py,6
get_character_sheet_fields,larpmanager/utils/character.py,5
on_experience_characters_m2m_changed,larpmanager/utils/experience.py,5
get_match_reg,larpmanager/utils/registration.py,5
check_character_maximum,larpmanager/utils/registration.py,5
_extract_last_name,larpmanager/utils/fiscal_code.py,5
check_field,larpmanager/utils/common.py,5
__init__,larpmanager/utils/exceptions.py,5
get_event_text_cache,larpmanager/utils/text.py,5
get_event_text_cache_def,larpmanager/utils/text.py,5
get_assoc_text_cache,larpmanager/utils/text.py,5
get_assoc_text_cache_def,larpmanager/utils/text.py,5
_save_index,larpmanager/utils/tutorial_query.py,5
remove_tutorial_from_search_index,larpmanager/utils/tutorial_query.py,5
remove_guide_from_search_index,larpmanager/utils/tutorial_query.py,5
get_sorted_permissions,larpmanager/utils/tutorial_query.py,5
get_fake_request,larpmanager/utils/pdf.py,5
get_leaderboard,larpmanager/utils/member.py,5
__init__,larpmanager/forms/accounting.py,5
save,larpmanager/forms/event.py,5
set_config_custom,larpmanager/forms/event.py,5
save,larpmanager/forms/event.py,5
__init__,larpmanager/forms/experience.py,5
__init__,larpmanager/forms/miscellanea.py,5
get_automatic_field,larpmanager/forms/registration.py,5
init_additionals,larpmanager/forms/registration.py,5
get_queryset,larpmanager/forms/utils.py,5
get_queryset,larpmanager/forms/utils.py,5
save,larpmanager/forms/association.py,5
set_configs,larpmanager/forms/association.py,5
_get_captcha,larpmanager/forms/larpmanager.py,5
__init__,larpmanager/forms/warehouse.py,5
compress,larpmanager/forms/member.py,5
clean_event,larpmanager/forms/base.py,5
save_reg_single,larpmanager/forms/base.py,5
save_reg_multiple,larpmanager/forms/base.py,5
save,larpmanager/forms/base.py,5
get_cache_index_permission,larpmanager/cache/permission.py,5
_init_member_fields,larpmanager/cache/association.py,5
_get_reviews,larpmanager/cache/larpmanager.py,5
_get_showcases,larpmanager/cache/larpmanager.py,5
init_cache_text_field,larpmanager/cache/text_fields.py,5
init_cache_reg_field,larpmanager/cache/text_fields.py,5
get_event_fields_cache,larpmanager/cache/fields.py,5
is_ignorable_404,larpmanager/middleware/broken.py,5
show_toolbar,larpmanager/middleware/base.py,5
exe_deadlines,larpmanager/views/exe/event.py,5
exe_warehouse_movements,larpmanager/views/exe/miscellanea.py,5
_exe_feature_after_link,larpmanager/views/exe/assoc.py,5
member_add_accountingitempayment,larpmanager/views/exe/member.py,5
member_add_accountingitemother,larpmanager/views/exe/member.py,5
exe_read_mail,larpmanager/views/exe/member.py,5
orga_characters_view,larpmanager/views/orga/character.py,5
orga_writing_form_order,larpmanager/views/orga/character.py,5
orga_writing_options_new,larpmanager/views/orga/character.py,5
orga_writing_options_order,larpmanager/views/orga/character.py,5
orga_character_get_number,larpmanager/views/orga/character.py,5
_orga_feature_after_link,larpmanager/views/orga/event.py,5
orga_onetimes,larpmanager/views/orga/miscellanea.py,5
_copy_features,larpmanager/views/orga/copy.py,5
orga_characters_friendly_test,larpmanager/views/orga/pdf.py,5
orga_plots_edit,larpmanager/views/orga/writing.py,5
orga_factions_edit,larpmanager/views/orga/writing.py,5
orga_quest_types_edit,larpmanager/views/orga/writing.py,5
orga_handouts_print,larpmanager/views/orga/writing.py,5
orga_handout_templates_edit,larpmanager/views/orga/writing.py,5
orga_prologue_types_edit,larpmanager/views/orga/writing.py,5
orga_speedlarps_edit,larpmanager/views/orga/writing.py,5
character,larpmanager/views/user/character.py,5
acc_redsys_ko,larpmanager/views/user/accounting.py,5
acc_redirect,larpmanager/views/user/accounting.py,5
factions,larpmanager/views/user/event.py,5
handout_ext,larpmanager/views/user/miscellanea.py,5
_apply_ticket,larpmanager/views/user/registration.py,5
register_reduced,larpmanager/views/user/registration.py,5
character_pdf_sheet_friendly,larpmanager/views/user/pdf.py,5
character_pdf_relationships,larpmanager/views/user/pdf.py,5
load_profile,larpmanager/views/user/member.py,5
handle_tokes_credits,larpmanager/accounting/token_credit.py,5
short_descr,larpmanager/models/accounting.py,5
download,larpmanager/models/accounting.py,5
show,larpmanager/models/accounting.py,5
display_member,larpmanager/models/accounting.py,5
get_elements,larpmanager/models/event.py,5
__str__,larpmanager/models/event.py,5
get_slug,larpmanager/models/event.py,5
get_media_filepath,larpmanager/models/event.py,5
post_save_relationship_reset_rels,larpmanager/models/signals.py,5
download,larpmanager/models/miscellanea.py,5
file_name,larpmanager/models/miscellanea.py,5
show,larpmanager/models/miscellanea.py,5
show,larpmanager/models/miscellanea.py,5
show,larpmanager/models/registration.py,5
my_uuid,larpmanager/models/utils.py,5
get_sum,larpmanager/models/utils.py,5
get_applicable,larpmanager/models/form.py,5
show,larpmanager/models/form.py,5
show,larpmanager/models/form.py,5
show,larpmanager/models/form.py,5
show_red,larpmanager/models/writing.py,5
show_red,larpmanager/models/writing.py,5
thumb,larpmanager/models/member.py,5
file_display,larpmanager/admin/miscellanea.py,5
get_free_abilities,larpmanager/utils/experience.py,4
check_available_ability_px,larpmanager/utils/experience.py,4
__init__,larpmanager/utils/exceptions.py,4
__init__,larpmanager/utils/exceptions.py,4
print_volunteer_registry,larpmanager/utils/pdf.py,4
delete_character_pdf_files,larpmanager/utils/pdf.py,4
print_handout_bkg,larpmanager/utils/pdf.py,4
print_character_bkg,larpmanager/utils/pdf.py,4
_clean,larpmanager/utils/download.py,4
__init__,larpmanager/utils/validators.py,4
writing_list_faction,larpmanager/utils/writing.py,4
writing_list_speedlarp,larpmanager/utils/writing.py,4
writing_list_prologue,larpmanager/utils/writing.py,4
writing_list_quest,larpmanager/utils/writing.py,4
writing_list_questtype,larpmanager/utils/writing.py,4
is_shuttle,larpmanager/utils/base.py,4
_init_character,larpmanager/forms/character.py,4
__init__,larpmanager/forms/accounting.py,4
__init__,larpmanager/forms/accounting.py,4
__init__,larpmanager/forms/accounting.py,4
__init__,larpmanager/forms/accounting.py,4
__init__,larpmanager/forms/event.py,4
save,larpmanager/forms/event.py,4
__init__,larpmanager/forms/experience.py,4
__init__,larpmanager/forms/miscellanea.py,4
__init__,larpmanager/forms/registration.py,4
set_event,larpmanager/forms/utils.py,4
__init__,larpmanager/forms/association.py,4
save,larpmanager/forms/association.py,4
__init__,larpmanager/forms/association.py,4
__init__,larpmanager/forms/association.py,4
__init__,larpmanager/forms/larpmanager.py,4
__init__,larpmanager/forms/writing.py,4
__init__,larpmanager/forms/writing.py,4
__init__,larpmanager/forms/writing.py,4
_init_questions,larpmanager/forms/writing.py,4
_save_multi,larpmanager/forms/writing.py,4
__init__,larpmanager/forms/writing.py,4
get_users,larpmanager/forms/member.py,4
__init__,larpmanager/forms/member.py,4
decompress,larpmanager/forms/member.py,4
clean_run,larpmanager/forms/base.py,4
__init__,larpmanager/forms/base.py,4
reorder_field,larpmanager/forms/base.py,4
clear_run_cache_and_media,larpmanager/cache/character.py,4
update_member_event_character_cache,larpmanager/cache/character.py,4
reset_character_registration_cache,larpmanager/cache/character.py,4
on_character_update_registration_cache,larpmanager/cache/registration.py,4
remove_html_tags,larpmanager/cache/text_fields.py,4
refresh_character_relationships,larpmanager/cache/rels.py,4
_extract_view_func_name,larpmanager/middleware/profiler.py,4
_get_perm_link,larpmanager/views/manage.py,4
exe_close_suggestion,larpmanager/views/manage.py,4
orga_close_suggestion,larpmanager/views/manage.py,4
exe_accounting,larpmanager/views/exe/accounting.py,4
exe_templates_roles,larpmanager/views/exe/event.py,4
exe_urlshortner,larpmanager/views/exe/miscellanea.py,4
exe_warehouse_containers,larpmanager/views/exe/miscellanea.py,4
exe_warehouse_tags,larpmanager/views/exe/miscellanea.py,4
exe_config,larpmanager/views/exe/assoc.py,4
exe_texts,larpmanager/views/exe/assoc.py,4
exe_membership_request,larpmanager/views/exe/member.py,4
exe_badges,larpmanager/views/exe/member.py,4
orga_characters_versions,larpmanager/views/orga/character.py,4
orga_writing_options_edit,larpmanager/views/orga/character.py,4
orga_discounts,larpmanager/views/orga/accounting.py,4
orga_expenses_my,larpmanager/views/orga/accounting.py,4
orga_accounting,larpmanager/views/orga/accounting.py,4
orga_texts,larpmanager/views/orga/event.py,4
orga_buttons,larpmanager/views/orga/event.py,4
orga_config,larpmanager/views/orga/event.py,4
orga_features_on,larpmanager/views/orga/event.py,4
orga_features_off,larpmanager/views/orga/event.py,4
orga_deadlines,larpmanager/views/orga/event.py,4
orga_backup,larpmanager/views/orga/event.py,4
check_player_skip_characters,larpmanager/views/orga/casting.py,4
orga_px_deliveries,larpmanager/views/orga/experience.py,4
orga_px_ability_types,larpmanager/views/orga/experience.py,4
orga_px_rules,larpmanager/views/orga/experience.py,4
orga_px_rules_order,larpmanager/views/orga/experience.py,4
orga_px_modifiers,larpmanager/views/orga/experience.py,4
orga_px_modifiers_order,larpmanager/views/orga/experience.py,4
orga_albums,larpmanager/views/orga/miscellanea.py,4
orga_utils,larpmanager/views/orga/miscellanea.py,4
orga_workshop_modules,larpmanager/views/orga/miscellanea.py,4
orga_problems,larpmanager/views/orga/miscellanea.py,4
orga_warehouse_area,larpmanager/views/orga/miscellanea.py,4
orga_onetimes_tokens,larpmanager/views/orga/miscellanea.py,4
_assigned_updated,larpmanager/views/orga/miscellanea.py,4
orga_registrations_accounting,larpmanager/views/orga/registration.py,4
orga_characters_sheet_pdf,larpmanager/views/orga/pdf.py,4
orga_characters_friendly_pdf,larpmanager/views/orga/pdf.py,4
orga_characters_relationships_pdf,larpmanager/views/orga/pdf.py,4
orga_registration_tickets_order,larpmanager/views/orga/form.py,4
orga_registration_sections,larpmanager/views/orga/form.py,4
orga_registration_sections_order,larpmanager/views/orga/form.py,4
orga_registration_form_order,larpmanager/views/orga/form.py,4
orga_registration_options_new,larpmanager/views/orga/form.py,4
orga_registration_options_order,larpmanager/views/orga/form.py,4
orga_registration_quotas,larpmanager/views/orga/form.py,4
orga_registration_installments,larpmanager/views/orga/form.py,4
orga_registration_surcharges,larpmanager/views/orga/form.py,4
orga_plots_view,larpmanager/views/orga/writing.py,4
orga_plots_order,larpmanager/views/orga/writing.py,4
orga_plots_versions,larpmanager/views/orga/writing.py,4
orga_factions_view,larpmanager/views/orga/writing.py,4
orga_factions_order,larpmanager/views/orga/writing.py,4
orga_factions_versions,larpmanager/views/orga/writing.py,4
orga_quest_types_view,larpmanager/views/orga/writing.py,4
orga_quest_types_versions,larpmanager/views/orga/writing.py,4
orga_quests_view,larpmanager/views/orga/writing.py,4
orga_quests_versions,larpmanager/views/orga/writing.py,4
orga_traits_view,larpmanager/views/orga/writing.py,4
orga_traits_versions,larpmanager/views/orga/writing.py,4
orga_handouts_test,larpmanager/views/orga/writing.py,4
orga_handouts_view,larpmanager/views/orga/writing.py,4
orga_handouts_versions,larpmanager/views/orga/writing.py,4
orga_prologues_view,larpmanager/views/orga/writing.py,4
orga_prologues_versions,larpmanager/views/orga/writing.py,4
orga_speedlarps_view,larpmanager/views/orga/writing.py,4
orga_speedlarps_versions,larpmanager/views/orga/writing.py,4
orga_assignments,larpmanager/views/orga/writing.py,4
orga_progress_steps_order,larpmanager/views/orga/writing.py,4
orga_read_mail,larpmanager/views/orga/member.py,4
acc_cancelled,larpmanager/views/user/accounting.py,4
legal_notice,larpmanager/views/user/event.py,4
get_factions,larpmanager/views/user/event.py,4
album_sub,larpmanager/views/user/miscellanea.py,4
_add_bring_friend_discounts,larpmanager/views/user/registration.py,4
_is_discount_invalid_for_registration,larpmanager/views/user/registration.py,4
membership_request,larpmanager/views/user/member.py,4
membership_request_test,larpmanager/views/user/member.py,4
get_media_filepath,larpmanager/models/event.py,4
post_delete_payment_accounting_cache,larpmanager/models/signals.py,4
post_save_ticket_accounting_cache,larpmanager/models/signals.py,4
show,larpmanager/models/casting.py,4
original_url,larpmanager/models/miscellanea.py,4
hdr,larpmanager/models/association.py,4
get_applicable_inverse,larpmanager/models/form.py,4
replace_chars_el,larpmanager/models/writing.py,4
show,larpmanager/models/writing.py,4
show_complete,larpmanager/models/writing.py,4
get_character_filepath,larpmanager/models/writing.py,4
get_filepath,larpmanager/models/writing.py,4
show_nick,larpmanager/models/member.py,4
save,larpmanager/models/base.py,4
ready,larpmanager/apps.py,3
exec_add_item_tag,larpmanager/utils/bulk.py,3
exec_del_item_tag,larpmanager/utils/bulk.py,3
exec_move_item_box,larpmanager/utils/bulk.py,3
exec_add_char_fact,larpmanager/utils/bulk.py,3
exec_del_char_fact,larpmanager/utils/bulk.py,3
exec_add_char_plot,larpmanager/utils/bulk.py,3
exec_del_char_plot,larpmanager/utils/bulk.py,3
exec_add_char_delivery,larpmanager/utils/bulk.py,3
exec_del_char_delivery,larpmanager/utils/bulk.py,3
exec_add_char_prologue,larpmanager/utils/bulk.py,3
exec_del_char_prologue,larpmanager/utils/bulk.py,3
exec_set_quest_type,larpmanager/utils/bulk.py,3
exec_set_quest,larpmanager/utils/bulk.py,3
exec_set_ability_type,larpmanager/utils/bulk.py,3
_apply_modifier_cost,larpmanager/utils/experience.py,3
set_free_abilities,larpmanager/utils/experience.py,3
update_characters_experience_on_rule_change,larpmanager/utils/experience.py,3
update_characters_experience_on_modifier_change,larpmanager/utils/experience.py,3
dump,larpmanager/utils/common.py,3
__init__,larpmanager/utils/exceptions.py,3
__init__,larpmanager/utils/exceptions.py,3
__init__,larpmanager/utils/exceptions.py,3
__init__,larpmanager/utils/exceptions.py,3
__init__,larpmanager/utils/exceptions.py,3
update_association_text_cache_on_save,larpmanager/utils/text.py,3
clear_association_text_cache_on_delete,larpmanager/utils/text.py,3
update_event_text_cache_on_save,larpmanager/utils/text.py,3
clear_event_text_cache_on_delete,larpmanager/utils/text.py,3
print_handout_go,larpmanager/utils/pdf.py,3
_get_field_map,larpmanager/utils/paginate.py,3
update_payment_details,larpmanager/utils/base.py,3
fetch_payment_details,larpmanager/utils/base.py,3
__init__,larpmanager/forms/accounting.py,3
__init__,larpmanager/forms/accounting.py,3
__init__,larpmanager/forms/accounting.py,3
__init__,larpmanager/forms/accounting.py,3
__init__,larpmanager/forms/accounting.py,3
__init__,larpmanager/forms/accounting.py,3
__init__,larpmanager/forms/accounting.py,3
mask_string,larpmanager/forms/accounting.py,3
__init__,larpmanager/forms/feature.py,3
__init__,larpmanager/forms/feature.py,3
__init__,larpmanager/forms/feature.py,3
__init__,larpmanager/forms/event.py,3
__init__,larpmanager/forms/event.py,3
__init__,larpmanager/forms/event.py,3
__init__,larpmanager/forms/event.py,3
__init__,larpmanager/forms/miscellanea.py,3
__init__,larpmanager/forms/miscellanea.py,3
__init__,larpmanager/forms/miscellanea.py,3
__init__,larpmanager/forms/miscellanea.py,3
__init__,larpmanager/forms/miscellanea.py,3
get_init_multi_character,larpmanager/forms/registration.py,3
__init__,larpmanager/forms/registration.py,3
__init__,larpmanager/forms/utils.py,3
label_from_instance,larpmanager/forms/utils.py,3
label_from_instance,larpmanager/forms/utils.py,3
get_css_path,larpmanager/forms/association.py,3
__init__,larpmanager/forms/association.py,3
__init__,larpmanager/forms/association.py,3
__init__,larpmanager/forms/writing.py,3
get_options_query,larpmanager/forms/writing.py,3
get_option_key_count,larpmanager/forms/writing.py,3
__init__,larpmanager/forms/member.py,3
__init__,larpmanager/forms/member.py,3
__init__,larpmanager/forms/member.py,3
__init__,larpmanager/forms/base.py,3
reset_event_cache_all,larpmanager/cache/character.py,3
update_event_cache_all_faction,larpmanager/cache/character.py,3
remove_association_role_cache,larpmanager/cache/role.py,3
remove_event_role_cache,larpmanager/cache/role.py,3
reset_cache_run,larpmanager/cache/run.py,3
reset_cache_config_run,larpmanager/cache/run.py,3
clear_config_cache,larpmanager/cache/config.py,3
get_configs,larpmanager/cache/config.py,3
clear_skin_cache,larpmanager/cache/skin.py,3
clear_association_cache,larpmanager/cache/association.py,3
_redirect_with_message,larpmanager/middleware/exception.py,3
log_api_access,larpmanager/views/api.py,3
exe_features_on,larpmanager/views/exe/assoc.py,3
exe_features_off,larpmanager/views/exe/assoc.py,3
orga_event,larpmanager/views/orga/event.py,3
orga_run,larpmanager/views/orga/event.py,3
orga_preferences,larpmanager/views/orga/event.py,3
orga_casting_toggle,larpmanager/views/orga/casting.py,3
orga_onetimes_edit,larpmanager/views/orga/miscellanea.py,3
_copy_appearance_fields,larpmanager/views/orga/copy.py,3
orga_gallery_pdf,larpmanager/views/orga/pdf.py,3
orga_gallery_test,larpmanager/views/orga/pdf.py,3
orga_profiles_pdf,larpmanager/views/orga/pdf.py,3
orga_plots,larpmanager/views/orga/writing.py,3
orga_factions,larpmanager/views/orga/writing.py,3
orga_quest_types,larpmanager/views/orga/writing.py,3
orga_quests,larpmanager/views/orga/writing.py,3
orga_traits,larpmanager/views/orga/writing.py,3
orga_handouts,larpmanager/views/orga/writing.py,3
orga_handout_templates,larpmanager/views/orga/writing.py,3
orga_prologue_types,larpmanager/views/orga/writing.py,3
orga_prologues,larpmanager/views/orga/writing.py,3
orga_speedlarps,larpmanager/views/orga/writing.py,3
orga_progress_steps,larpmanager/views/orga/writing.py,3
acc_webhook_paypal,larpmanager/views/user/accounting.py,3
acc_webhook_satispay,larpmanager/views/user/accounting.py,3
acc_webhook_stripe,larpmanager/views/user/accounting.py,3
acc_webhook_sumup,larpmanager/views/user/accounting.py,3
acc_webhook_redsys,larpmanager/views/user/accounting.py,3
_check_already_done,larpmanager/views/user/casting.py,3
url_short,larpmanager/views/user/miscellanea.py,3
album,larpmanager/views/user/miscellanea.py,3
_is_discount_maxed,larpmanager/views/user/registration.py,3
portraits,larpmanager/views/user/pdf.py,3
profiles,larpmanager/views/user/pdf.py,3
get_user_backend,larpmanager/views/user/member.py,3
replace,larpmanager/accounting/payment.py,3
download,larpmanager/models/accounting.py,3
show_event,larpmanager/models/accounting.py,3
thumb,larpmanager/models/event.py,3
download_sheet_template,larpmanager/models/event.py,3
get_where,larpmanager/models/event.py,3
get_cover_url,larpmanager/models/event.py,3
post_save_discount_accounting_cache,larpmanager/models/signals.py,3
post_save_accounting_item_expense,larpmanager/models/signals.py,3
post_save_other_accounting_cache,larpmanager/models/signals.py,3
pre_save_accounting_item_payment,larpmanager/models/signals.py,3
post_save_assoc_permission_index_permission,larpmanager/models/signals.py,3
post_delete_assoc_permission_index_permission,larpmanager/models/signals.py,3
pre_delete_assoc_role_reset,larpmanager/models/signals.py,3
post_save_assoc_role_reset,larpmanager/models/signals.py,3
pre_save_association_set_skin_features,larpmanager/models/signals.py,3
pre_delete_character_reset,larpmanager/models/signals.py,3
pre_save_collection,larpmanager/models/signals.py,3
pre_save_event,larpmanager/models/signals.py,3
post_save_event_permission_reset,larpmanager/models/signals.py,3
post_delete_event_permission_reset,larpmanager/models/signals.py,3
pre_delete_event_role_reset,larpmanager/models/signals.py,3
post_save_event_role_reset,larpmanager/models/signals.py,3
pre_save_faction,larpmanager/models/signals.py,3
pre_delete_faction,larpmanager/models/signals.py,3
post_save_feature_index_permission,larpmanager/models/signals.py,3
post_delete_feature_index_permission,larpmanager/models/signals.py,3
post_save_feature_module_index_permission,larpmanager/models/signals.py,3
post_delete_feature_module_index_permission,larpmanager/models/signals.py,3
post_save_registration_character_rel_savereg,larpmanager/models/signals.py,3
post_delete_relationship_reset_rels,larpmanager/models/signals.py,3
post_delete_trait_reset_rels,larpmanager/models/signals.py,3
post_save_writing_option_reset,larpmanager/models/signals.py,3
pre_delete_character_option_reset,larpmanager/models/signals.py,3
pre_delete_writing_question_reset,larpmanager/models/signals.py,3
post_save_writing_question_reset,larpmanager/models/signals.py,3
__unicode__,larpmanager/models/miscellanea.py,3
__str__,larpmanager/models/miscellanea.py,3
__str__,larpmanager/models/miscellanea.py,3
__str__,larpmanager/models/registration.py,3
display_member,larpmanager/models/registration.py,3
display_profile,larpmanager/models/registration.py,3
_key_id,larpmanager/models/utils.py,3
get_currency_symbol,larpmanager/models/association.py,3
__str__,larpmanager/models/association.py,3
get_ordered_registration_questions,larpmanager/models/form.py,3
get_form_text,larpmanager/models/form.py,3
__str__,larpmanager/models/form.py,3
__str__,larpmanager/models/form.py,3
__str__,larpmanager/models/form.py,3
__str__,larpmanager/models/form.py,3
download_template,larpmanager/models/writing.py,3
display_profile,larpmanager/models/member.py,3
get_card_number,larpmanager/models/member.py,3
join,larpmanager/models/member.py,3
token_short,larpmanager/admin/miscellanea.py,3
has_add_permission,larpmanager/admin/miscellanea.py,3
character_link,larpmanager/admin/members.py,3
user_link,larpmanager/admin/members.py,3
_get_inv_items,larpmanager/utils/bulk.py,2
_get_chars,larpmanager/utils/bulk.py,2
clear_event_button_cache,larpmanager/utils/event.py,2
_get_mirror_instance,larpmanager/utils/upload.py,2
_assign_faction,larpmanager/utils/upload.py,2
invert_dict,larpmanager/utils/upload.py,2
_assign_type,larpmanager/utils/upload.py,2
_assign_prereq,larpmanager/utils/upload.py,2
_assign_requirements,larpmanager/utils/upload.py,2
_free_abilities_idx,larpmanager/utils/experience.py,2
update_characters_experience_on_ability_change,larpmanager/utils/experience.py,2
refresh_delivery_characters,larpmanager/utils/experience.py,2
get_player_characters,larpmanager/utils/registration.py,2
_calculate_consonants,larpmanager/utils/fiscal_code.py,2
_calculate_vowels,larpmanager/utils/fiscal_code.py,2
get_album_cod,larpmanager/utils/common.py,2
get_feature,larpmanager/utils/common.py,2
get_feature_module,larpmanager/utils/common.py,2
get_plot,larpmanager/utils/common.py,2
get_quest_type,larpmanager/utils/common.py,2
get_quest,larpmanager/utils/common.py,2
get_trait,larpmanager/utils/common.py,2
get_handout,larpmanager/utils/common.py,2
get_handout_template,larpmanager/utils/common.py,2
get_prologue,larpmanager/utils/common.py,2
get_prologue_type,larpmanager/utils/common.py,2
get_speedlarp,larpmanager/utils/common.py,2
get_badge,larpmanager/utils/common.py,2
get_collection_partecipate,larpmanager/utils/common.py,2
get_collection_redeem,larpmanager/utils/common.py,2
get_workshop,larpmanager/utils/common.py,2
get_workshop_question,larpmanager/utils/common.py,2
get_element,larpmanager/utils/common.py,2
get_player_relationship,larpmanager/utils/common.py,2
get_time_diff,larpmanager/utils/common.py,2
generate_number,larpmanager/utils/common.py,2
average,larpmanager/utils/common.py,2
clear_messages,larpmanager/utils/common.py,2
welcome_user,larpmanager/utils/common.py,2
update_features,larpmanager/utils/association.py,2
event_text_key,larpmanager/utils/text.py,2
event_text_key_def,larpmanager/utils/text.py,2
assoc_text_key,larpmanager/utils/text.py,2
assoc_text_key_def,larpmanager/utils/text.py,2
similarity,larpmanager/utils/tutorial_query.py,2
save_log,larpmanager/utils/edit.py,2
writing_edit_cache_key,larpmanager/utils/edit.py,2
wrapper,larpmanager/utils/tasks.py,2
safe_remove,larpmanager/utils/pdf.py,2
remove_run_pdf,larpmanager/utils/pdf.py,2
print_character_go,larpmanager/utils/pdf.py,2
get_trait_character,larpmanager/utils/pdf.py,2
orga_registration_form_download,larpmanager/utils/download.py,2
orga_character_form_download,larpmanager/utils/download.py,2
orga_tickets_download,larpmanager/utils/download.py,2
exe_paginate,larpmanager/utils/paginate.py,2
orga_paginate,larpmanager/utils/paginate.py,2
leaderboard_key,larpmanager/utils/member.py,2
assign_badge,larpmanager/utils/member.py,2
_init_editable,larpmanager/forms/character.py,2
clean_editable,larpmanager/forms/character.py,2
__init__,larpmanager/forms/accounting.py,2
set_initial,larpmanager/forms/accounting.py,2
__init__,larpmanager/forms/experience.py,2
__init__,larpmanager/forms/experience.py,2
set_assoc,larpmanager/forms/utils.py,2
set_exclude,larpmanager/forms/utils.py,2
label_from_instance,larpmanager/forms/utils.py,2
set_assoc,larpmanager/forms/utils.py,2
set_exclude,larpmanager/forms/utils.py,2
set_assoc,larpmanager/forms/utils.py,2
get_queryset,larpmanager/forms/utils.py,2
set_assoc,larpmanager/forms/utils.py,2
get_queryset,larpmanager/forms/utils.py,2
label_from_instance,larpmanager/forms/utils.py,2
get_queryset,larpmanager/forms/utils.py,2
set_event,larpmanager/forms/utils.py,2
get_queryset,larpmanager/forms/utils.py,2
set_assoc,larpmanager/forms/utils.py,2
get_queryset,larpmanager/forms/utils.py,2
set_assoc,larpmanager/forms/utils.py,2
get_queryset,larpmanager/forms/utils.py,2
set_event,larpmanager/forms/utils.py,2
get_queryset,larpmanager/forms/utils.py,2
set_event,larpmanager/forms/utils.py,2
get_queryset,larpmanager/forms/utils.py,2
set_event,larpmanager/forms/utils.py,2
get_queryset,larpmanager/forms/utils.py,2
set_event,larpmanager/forms/utils.py,2
get_queryset,larpmanager/forms/utils.py,2
set_event,larpmanager/forms/utils.py,2
get_queryset,larpmanager/forms/utils.py,2
set_event,larpmanager/forms/utils.py,2
get_queryset,larpmanager/forms/utils.py,2
set_event,larpmanager/forms/utils.py,2
get_queryset,larpmanager/forms/utils.py,2
get_queryset,larpmanager/forms/utils.py,2
set_assoc,larpmanager/forms/utils.py,2
get_queryset,larpmanager/forms/utils.py,2
set_event,larpmanager/forms/utils.py,2
get_queryset,larpmanager/forms/utils.py,2
set_assoc,larpmanager/forms/utils.py,2
get_queryset,larpmanager/forms/utils.py,2
set_assoc,larpmanager/forms/utils.py,2
get_queryset,larpmanager/forms/utils.py,2
__init__,larpmanager/forms/utils.py,2
set_configs,larpmanager/forms/config.py,2
get_input_css,larpmanager/forms/association.py,2
__init__,larpmanager/forms/larpmanager.py,2
__init__,larpmanager/forms/writing.py,2
validate_no_pipe,larpmanager/forms/member.py,2
clean_assoc,larpmanager/forms/base.py,2
clean_name,larpmanager/forms/base.py,2
clean_display,larpmanager/forms/base.py,2
delete_field,larpmanager/forms/base.py,2
validator,larpmanager/forms/base.py,2
validator,larpmanager/forms/base.py,2
_init_questions,larpmanager/forms/base.py,2
get_options_query,larpmanager/forms/base.py,2
check_editable,larpmanager/forms/base.py,2
save_reg_text,larpmanager/forms/base.py,2
get_css_path,larpmanager/forms/base.py,2
get_input_css,larpmanager/forms/base.py,2
get_character_element_fields,larpmanager/cache/character.py,2
update_event_cache_all_runs,larpmanager/cache/character.py,2
clear_event_features_cache,larpmanager/cache/feature.py,2
cache_event_features_key,larpmanager/cache/feature.py,2
cache_assoc_role_key,larpmanager/cache/role.py,2
cache_event_role_key,larpmanager/cache/role.py,2
cache_run_key,larpmanager/cache/run.py,2
init_cache_run,larpmanager/cache/run.py,2
cache_config_run_key,larpmanager/cache/run.py,2
clear_association_permission_cache,larpmanager/cache/permission.py,2
clear_event_permission_cache,larpmanager/cache/permission.py,2
index_permission_key,larpmanager/cache/permission.py,2
clear_index_permission_cache,larpmanager/cache/permission.py,2
clear_registration_counts_cache,larpmanager/cache/registration.py,2
cache_reg_counts_key,larpmanager/cache/registration.py,2
reset_element_configs,larpmanager/cache/config.py,2
cache_configs_key,larpmanager/cache/config.py,2
cache_skin_key,larpmanager/cache/skin.py,2
cache_assoc_key,larpmanager/cache/association.py,2
clear_larpmanager_home_cache,larpmanager/cache/larpmanager.py,2
cache_cache_lm_home_key,larpmanager/cache/larpmanager.py,2
cache_text_field_key,larpmanager/cache/text_fields.py,2
event_fields_key,larpmanager/cache/fields.py,2
clear_event_fields_cache,larpmanager/cache/fields.py,2
__init__,larpmanager/middleware/url.py,2
__init__,larpmanager/middleware/token.py,2
__init__,larpmanager/middleware/profiler.py,2
process_view,larpmanager/middleware/profiler.py,2
__init__,larpmanager/middleware/association.py,2
__init__,larpmanager/middleware/locale.py,2
__init__,larpmanager/middleware/broken.py,2
__init__,larpmanager/middleware/exception.py,2
__call__,larpmanager/middleware/exception.py,2
_orga_user_actions,larpmanager/views/manage.py,2
tutorial_query,larpmanager/views/base.py,2
exe_inflows_edit,larpmanager/views/exe/accounting.py,2
exe_donations_edit,larpmanager/views/exe/accounting.py,2
exe_credits_edit,larpmanager/views/exe/accounting.py,2
exe_tokens_edit,larpmanager/views/exe/accounting.py,2
exe_expenses_edit,larpmanager/views/exe/accounting.py,2
exe_payments_edit,larpmanager/views/exe/accounting.py,2
exe_invoices_edit,larpmanager/views/exe/accounting.py,2
exe_collections_edit,larpmanager/views/exe/accounting.py,2
exe_refunds_edit,larpmanager/views/exe/accounting.py,2
exe_runs_edit,larpmanager/views/exe/event.py,2
exe_events_appearance,larpmanager/views/exe/event.py,2
exe_templates_edit,larpmanager/views/exe/event.py,2
exe_urlshortner_edit,larpmanager/views/exe/miscellanea.py,2
exe_warehouse_containers_edit,larpmanager/views/exe/miscellanea.py,2
exe_warehouse_tags_edit,larpmanager/views/exe/miscellanea.py,2
exe_warehouse_items_edit,larpmanager/views/exe/miscellanea.py,2
exe_warehouse_movements_edit,larpmanager/views/exe/miscellanea.py,2
exe_association,larpmanager/views/exe/assoc.py,2
exe_roles_edit,larpmanager/views/exe/assoc.py,2
exe_profile,larpmanager/views/exe/assoc.py,2
exe_texts_edit,larpmanager/views/exe/assoc.py,2
exe_methods,larpmanager/views/exe/assoc.py,2
exe_appearance,larpmanager/views/exe/assoc.py,2
f_k_exe,larpmanager/views/exe/assoc.py,2
exe_quick,larpmanager/views/exe/assoc.py,2
exe_preferences,larpmanager/views/exe/assoc.py,2
def_callback,larpmanager/views/exe/assoc.py,2
exe_volunteer_registry_edit,larpmanager/views/exe/member.py,2
exe_badges_edit,larpmanager/views/exe/member.py,2
update_relationship,larpmanager/views/orga/character.py,2
orga_character_form,larpmanager/views/orga/character.py,2
orga_discounts_edit,larpmanager/views/orga/accounting.py,2
orga_tokens_edit,larpmanager/views/orga/accounting.py,2
orga_credits_edit,larpmanager/views/orga/accounting.py,2
orga_payments_edit,larpmanager/views/orga/accounting.py,2
orga_outflows_edit,larpmanager/views/orga/accounting.py,2
orga_inflows_edit,larpmanager/views/orga/accounting.py,2
orga_expenses_edit,larpmanager/views/orga/accounting.py,2
orga_roles_edit,larpmanager/views/orga/event.py,2
orga_appearance,larpmanager/views/orga/event.py,2
orga_texts_edit,larpmanager/views/orga/event.py,2
orga_buttons_edit,larpmanager/views/orga/event.py,2
orga_quick,larpmanager/views/orga/event.py,2
def_callback,larpmanager/views/orga/event.py,2
check_player_skip_quests,larpmanager/views/orga/casting.py,2
orga_px_deliveries_edit,larpmanager/views/orga/experience.py,2
orga_px_ability_types_edit,larpmanager/views/orga/experience.py,2
orga_px_rules_edit,larpmanager/views/orga/experience.py,2
orga_px_modifiers_edit,larpmanager/views/orga/experience.py,2
orga_albums_edit,larpmanager/views/orga/miscellanea.py,2
orga_utils_edit,larpmanager/views/orga/miscellanea.py,2
orga_workshop_modules_edit,larpmanager/views/orga/miscellanea.py,2
orga_workshop_questions_edit,larpmanager/views/orga/miscellanea.py,2
orga_workshop_options_edit,larpmanager/views/orga/miscellanea.py,2
orga_problems_edit,larpmanager/views/orga/miscellanea.py,2
orga_warehouse_area_edit,larpmanager/views/orga/miscellanea.py,2
orga_warehouse_assignment_item_edit,larpmanager/views/orga/miscellanea.py,2
orga_onetimes_tokens_edit,larpmanager/views/orga/miscellanea.py,2
calculate_age,larpmanager/views/orga/registration.py,2
orga_registration_tickets_edit,larpmanager/views/orga/form.py,2
orga_registration_sections_edit,larpmanager/views/orga/form.py,2
orga_registration_quotas_edit,larpmanager/views/orga/form.py,2
orga_registration_installments_edit,larpmanager/views/orga/form.py,2
orga_registration_surcharges_edit,larpmanager/views/orga/form.py,2
orga_progress_steps_edit,larpmanager/views/orga/writing.py,2
acc_wait,larpmanager/views/user/accounting.py,2
add_runs,larpmanager/views/user/accounting.py,2
event_redirect,larpmanager/views/user/event.py,2
util,larpmanager/views/user/miscellanea.py,2
_is_discount_already_used,larpmanager/views/user/registration.py,2
_is_type_already_used,larpmanager/views/user/registration.py,2
check_registration_open,larpmanager/views/user/registration.py,2
error,larpmanager/views/user/registration.py,2
check_print_pdf,larpmanager/views/user/pdf.py,2
add_arguments,larpmanager/management/commands/backup.py,2
prepare_foreign,larpmanager/management/commands/import_features.py,2
check_reg_bkg,larpmanager/accounting/registration.py,2
_process_collection,larpmanager/accounting/payment.py,2
_process_donate,larpmanager/accounting/payment.py,2
_process_membership,larpmanager/accounting/payment.py,2
__str__,larpmanager/models/accounting.py,2
__str__,larpmanager/models/accounting.py,2
__str__,larpmanager/models/accounting.py,2
__str__,larpmanager/models/event.py,2
get_cover_thumb_url,larpmanager/models/event.py,2
get_name,larpmanager/models/event.py,2
get_config,larpmanager/models/event.py,2
__str__,larpmanager/models/event.py,2
get_name,larpmanager/models/event.py,2
__str__,larpmanager/models/event.py,2
__str__,larpmanager/models/event.py,2
get_gallery_filepath,larpmanager/models/event.py,2
get_profiles_filepath,larpmanager/models/event.py,2
get_config,larpmanager/models/event.py,2
__str__,larpmanager/models/event.py,2
__str__,larpmanager/models/event.py,2
post_save_text_fields_callback,larpmanager/models/signals.py,2
post_delete_text_fields_callback,larpmanager/models/signals.py,2
post_save_ability_px,larpmanager/models/signals.py,2
post_delete_ability_px,larpmanager/models/signals.py,2
pre_save_collection_gift,larpmanager/models/signals.py,2
post_save_accounting_item_collection,larpmanager/models/signals.py,2
post_delete_discount_accounting_cache,larpmanager/models/signals.py,2
pre_save_accounting_item_donation,larpmanager/models/signals.py,2
pre_save_accounting_item_expense,larpmanager/models/signals.py,2
pre_save_accounting_item_membership,larpmanager/models/signals.py,2
pre_save_accounting_item_other,larpmanager/models/signals.py,2
post_delete_other_accounting_cache,larpmanager/models/signals.py,2
pre_delete_assignment_trait,larpmanager/models/signals.py,2
post_delete_assignment_trait_reset,larpmanager/models/signals.py,2
pre_save_assoc_permission,larpmanager/models/signals.py,2
pre_delete_assoc_text,larpmanager/models/signals.py,2
post_save_assoc_text,larpmanager/models/signals.py,2
post_save_reset_assoc_config,larpmanager/models/signals.py,2
post_delete_reset_assoc_config,larpmanager/models/signals.py,2
post_save_association_skin_reset_cache,larpmanager/models/signals.py,2
post_character_update_px,larpmanager/models/signals.py,2
post_save_reset_character_config,larpmanager/models/signals.py,2
post_delete_reset_character_config,larpmanager/models/signals.py,2
pre_save_notify_chat_message,larpmanager/models/signals.py,2
post_save_collection_activation_email,larpmanager/models/signals.py,2
post_save_delivery_px,larpmanager/models/signals.py,2
post_delete_delivery_px,larpmanager/models/signals.py,2
post_delete_event_links,larpmanager/models/signals.py,2
post_save_event_button,larpmanager/models/signals.py,2
pre_delete_event_button,larpmanager/models/signals.py,2
post_save_reset_event_config,larpmanager/models/signals.py,2
post_delete_reset_event_config,larpmanager/models/signals.py,2
pre_save_event_permission,larpmanager/models/signals.py,2
pre_delete_event_text,larpmanager/models/signals.py,2
post_save_event_text,larpmanager/models/signals.py,2
pre_delete_handout,larpmanager/models/signals.py,2
post_save_handout,larpmanager/models/signals.py,2
pre_delete_handout_template,larpmanager/models/signals.py,2
post_save_handout_template,larpmanager/models/signals.py,2
pre_save_notify_help_question,larpmanager/models/signals.py,2
pre_save_larp_manager_faq,larpmanager/models/signals.py,2
post_save_index_guide,larpmanager/models/signals.py,2
delete_guide_from_index,larpmanager/models/signals.py,2
save_larpmanager_ticket,larpmanager/models/signals.py,2
pre_save_larp_manager_tutorial,larpmanager/models/signals.py,2
post_save_index_tutorial,larpmanager/models/signals.py,2
delete_tutorial_from_index,larpmanager/models/signals.py,2
post_save_member_reset,larpmanager/models/signals.py,2
post_save_reset_member_config,larpmanager/models/signals.py,2
post_delete_reset_member_config,larpmanager/models/signals.py,2
pre_save_membership,larpmanager/models/signals.py,2
post_save_modifier_px,larpmanager/models/signals.py,2
post_delete_modifier_px,larpmanager/models/signals.py,2
pre_save_payment_invoice,larpmanager/models/signals.py,2
pre_delete_player_relationship,larpmanager/models/signals.py,2
post_save_player_relationship,larpmanager/models/signals.py,2
pre_save_plot,larpmanager/models/signals.py,2
pre_save_pre_registration,larpmanager/models/signals.py,2
pre_save_prologue,larpmanager/models/signals.py,2
pre_save_quest_reset,larpmanager/models/signals.py,2
pre_delete_quest_reset,larpmanager/models/signals.py,2
pre_save_questtype_reset,larpmanager/models/signals.py,2
pre_delete_quest_type_reset,larpmanager/models/signals.py,2
pre_save_refund_request,larpmanager/models/signals.py,2
pre_delete_registration,larpmanager/models/signals.py,2
post_delete_registration_accounting_cache,larpmanager/models/signals.py,2
post_delete_registration_character_rel_savereg,larpmanager/models/signals.py,2
post_save_registration_option,larpmanager/models/signals.py,2
post_delete_ticket_accounting_cache,larpmanager/models/signals.py,2
pre_delete_relationship,larpmanager/models/signals.py,2
post_save_rule_px,larpmanager/models/signals.py,2
post_delete_rule_px,larpmanager/models/signals.py,2
pre_save_run,larpmanager/models/signals.py,2
pre_delete_run_reset,larpmanager/models/signals.py,2
post_delete_run_links,larpmanager/models/signals.py,2
post_save_reset_run_config,larpmanager/models/signals.py,2
post_delete_reset_run_config,larpmanager/models/signals.py,2
pre_save_speed_larp,larpmanager/models/signals.py,2
pre_save_trait_reset,larpmanager/models/signals.py,2
pre_delete_trait_reset,larpmanager/models/signals.py,2
post_save_user_profile,larpmanager/models/signals.py,2
pre_save_warehouse_item,larpmanager/models/signals.py,2
__str__,larpmanager/models/casting.py,2
__str__,larpmanager/models/casting.py,2
__str__,larpmanager/models/casting.py,2
__str__,larpmanager/models/casting.py,2
__str__,larpmanager/models/casting.py,2
display,larpmanager/models/experience.py,2
display,larpmanager/models/experience.py,2
display,larpmanager/models/experience.py,2
__str__,larpmanager/models/access.py,2
__str__,larpmanager/models/access.py,2
get_display_name,larpmanager/models/access.py,2
__str__,larpmanager/models/miscellanea.py,2
__str__,larpmanager/models/miscellanea.py,2
__str__,larpmanager/models/miscellanea.py,2
__str__,larpmanager/models/miscellanea.py,2
__str__,larpmanager/models/miscellanea.py,2
show_thumb,larpmanager/models/miscellanea.py,2
__str__,larpmanager/models/miscellanea.py,2
show_thumb,larpmanager/models/miscellanea.py,2
__str__,larpmanager/models/miscellanea.py,2
__str__,larpmanager/models/miscellanea.py,2
__str__,larpmanager/models/miscellanea.py,2
__str__,larpmanager/models/miscellanea.py,2
__str__,larpmanager/models/miscellanea.py,2
get_optional_fields,larpmanager/models/miscellanea.py,2
__str__,larpmanager/models/miscellanea.py,2
where_l,larpmanager/models/miscellanea.py,2
when_l,larpmanager/models/miscellanea.py,2
who_l,larpmanager/models/miscellanea.py,2
what_l,larpmanager/models/miscellanea.py,2
__str__,larpmanager/models/miscellanea.py,2
__str__,larpmanager/models/miscellanea.py,2
get_mapping,larpmanager/models/registration.py,2
get_price,larpmanager/models/registration.py,2
__str__,larpmanager/models/registration.py,2
__str__,larpmanager/models/registration.py,2
__str__,larpmanager/models/registration.py,2
__str__,larpmanager/models/registration.py,2
display_run,larpmanager/models/registration.py,2
my_uuid_miny,larpmanager/models/utils.py,2
download_d,larpmanager/models/utils.py,2
__init__,larpmanager/models/utils.py,2
handle_data,larpmanager/models/utils.py,2
get_data,larpmanager/models/utils.py,2
get_config,larpmanager/models/association.py,2
__str__,larpmanager/models/association.py,2
get_mapping,larpmanager/models/form.py,2
get_mapping,larpmanager/models/form.py,2
get_mapping,larpmanager/models/form.py,2
get_mapping,larpmanager/models/form.py,2
__str__,larpmanager/models/form.py,2
get_instance_questions,larpmanager/models/form.py,2
skip,larpmanager/models/form.py,2
get_editable,larpmanager/models/form.py,2
set_editable,larpmanager/models/form.py,2
get_editable_display,larpmanager/models/form.py,2
__str__,larpmanager/models/form.py,2
__str__,larpmanager/models/form.py,2
__str__,larpmanager/models/form.py,2
get_price,larpmanager/models/form.py,2
__str__,larpmanager/models/writing.py,2
get_config,larpmanager/models/writing.py,2
get_sheet_filepath,larpmanager/models/writing.py,2
get_sheet_friendly_filepath,larpmanager/models/writing.py,2
get_relationships_filepath,larpmanager/models/writing.py,2
show_thumb,larpmanager/models/writing.py,2
relationships,larpmanager/models/writing.py,2
get_plot_characters,larpmanager/models/writing.py,2
__str__,larpmanager/models/writing.py,2
__str__,larpmanager/models/writing.py,2
get_plot_characters,larpmanager/models/writing.py,2
__str__,larpmanager/models/writing.py,2
__str__,larpmanager/models/writing.py,2
__str__,larpmanager/models/writing.py,2
__str__,larpmanager/models/writing.py,2
__str__,larpmanager/models/writing.py,2
__str__,larpmanager/models/writing.py,2
__str__,larpmanager/models/writing.py,2
__str__,larpmanager/models/writing.py,2
__str__,larpmanager/models/writing.py,2
__str__,larpmanager/models/member.py,2
display_real,larpmanager/models/member.py,2
get_request_filepath,larpmanager/models/member.py,2
get_config,larpmanager/models/member.py,2
__str__,larpmanager/models/member.py,2
__str__,larpmanager/models/member.py,2
get_request_filepath,larpmanager/models/member.py,2
get_document_filepath,larpmanager/models/member.py,2
__str__,larpmanager/models/member.py,2
__str__,larpmanager/models/member.py,2
__str__,larpmanager/models/base.py,2
description_red,larpmanager/admin/character.py,2
details_red,larpmanager/admin/character.py,2
text_red,larpmanager/admin/character.py,2
get_run,larpmanager/admin/accounting.py,2
text_red,larpmanager/admin/miscellanea.py,2
reg_red,larpmanager/admin/miscellanea.py,2
body_red,larpmanager/admin/miscellanea.py,2
has_add_permission,larpmanager/admin/miscellanea.py,2
question_red,larpmanager/admin/larpmanager.py,2
answer_red,larpmanager/admin/larpmanager.py,2
descr_red,larpmanager/admin/larpmanager.py,2
text_red,larpmanager/admin/larpmanager.py,2
text_len,larpmanager/admin/larpmanager.py,2
content_red,larpmanager/admin/larpmanager.py,2
diet_red,larpmanager/admin/members.py,2
safety_red,larpmanager/admin/members.py,2
notify_refund_request,larpmanager/mail/accounting.py,2
send_support_ticket_email,larpmanager/mail/base.py,2
