name,path,length,number
cache_larpmanager_home_key,larpmanager/cache/larpmanager.py,2,1
cache_association_key,larpmanager/cache/association.py,2,1
cache_association_role_key,larpmanager/cache/role.py,2,1
event_text_key,larpmanager/cache/event_text.py,2,1
event_text_key_def,larpmanager/cache/event_text.py,2,1
clear_event_button_cache,larpmanager/cache/button.py,2,1
cache_registration_counts_key,larpmanager/cache/registration.py,2,1
get_association_config,larpmanager/cache/config.py,2,1
question_red,larpmanager/admin/larpmanager.py,2,1
answer_red,larpmanager/admin/larpmanager.py,2,1
descr_red,larpmanager/admin/larpmanager.py,2,1
text_red,larpmanager/admin/larpmanager.py,2,1
text_len,larpmanager/admin/larpmanager.py,2,1
content_red,larpmanager/admin/larpmanager.py,2,1
description_red,larpmanager/admin/character.py,2,1
details_red,larpmanager/admin/character.py,2,1
text_red,larpmanager/admin/character.py,2,1
text_red,larpmanager/admin/miscellanea.py,2,1
reg_red,larpmanager/admin/miscellanea.py,2,1
body_red,larpmanager/admin/miscellanea.py,2,1
has_add_permission,larpmanager/admin/miscellanea.py,2,1
diet_red,larpmanager/admin/members.py,2,1
safety_red,larpmanager/admin/members.py,2,1
get_run,larpmanager/admin/accounting.py,2,1
get_config,larpmanager/models/association.py,2,1
__str__,larpmanager/models/association.py,2,1
__str__,larpmanager/models/member.py,2,1
display_real,larpmanager/models/member.py,2,1
get_request_filepath,larpmanager/models/member.py,2,1
get_config,larpmanager/models/member.py,2,1
__str__,larpmanager/models/member.py,2,2
__str__,larpmanager/models/member.py,2,3
get_request_filepath,larpmanager/models/member.py,2,2
get_document_filepath,larpmanager/models/member.py,2,1
__str__,larpmanager/models/member.py,2,4
__str__,larpmanager/models/member.py,2,5
__str__,larpmanager/models/writing.py,2,1
get_config,larpmanager/models/writing.py,2,1
get_sheet_friendly_filepath,larpmanager/models/writing.py,2,1
get_relationships_filepath,larpmanager/models/writing.py,2,1
show_thumb,larpmanager/models/writing.py,2,1
relationships,larpmanager/models/writing.py,2,1
get_plot_characters,larpmanager/models/writing.py,2,1
__str__,larpmanager/models/writing.py,2,2
__str__,larpmanager/models/writing.py,2,3
get_plot_characters,larpmanager/models/writing.py,2,2
__str__,larpmanager/models/writing.py,2,4
__str__,larpmanager/models/writing.py,2,5
__str__,larpmanager/models/writing.py,2,6
__str__,larpmanager/models/writing.py,2,7
__str__,larpmanager/models/writing.py,2,8
__str__,larpmanager/models/writing.py,2,9
__str__,larpmanager/models/writing.py,2,10
__str__,larpmanager/models/writing.py,2,11
__str__,larpmanager/models/writing.py,2,12
__str__,larpmanager/models/base.py,2,3
my_uuid_miny,larpmanager/models/utils.py,2,1
download_d,larpmanager/models/utils.py,2,1
__init__,larpmanager/models/utils.py,2,1
handle_data,larpmanager/models/utils.py,2,1
get_data,larpmanager/models/utils.py,2,1
pre_save_association_permission,larpmanager/models/signals.py,2,1
pre_delete_association_text,larpmanager/models/signals.py,2,1
post_save_association_text,larpmanager/models/signals.py,2,1
post_save_reset_association_config,larpmanager/models/signals.py,2,1
post_delete_reset_association_config,larpmanager/models/signals.py,2,1
get_mapping,larpmanager/models/form.py,2,1
get_mapping,larpmanager/models/form.py,2,2
get_mapping,larpmanager/models/form.py,2,3
get_mapping,larpmanager/models/form.py,2,4
__str__,larpmanager/models/form.py,2,1
get_instance_questions,larpmanager/models/form.py,2,1
get_editable,larpmanager/models/form.py,2,1
set_editable,larpmanager/models/form.py,2,1
get_editable_display,larpmanager/models/form.py,2,1
__str__,larpmanager/models/form.py,2,2
__str__,larpmanager/models/form.py,2,5
__str__,larpmanager/models/form.py,2,6
get_price,larpmanager/models/form.py,2,1
get_mapping,larpmanager/models/registration.py,2,1
get_price,larpmanager/models/registration.py,2,1
__str__,larpmanager/models/registration.py,2,2
__str__,larpmanager/models/registration.py,2,3
__str__,larpmanager/models/registration.py,2,4
__str__,larpmanager/models/registration.py,2,5
display_run,larpmanager/models/registration.py,2,1
__str__,larpmanager/models/casting.py,2,1
__str__,larpmanager/models/casting.py,2,4
__str__,larpmanager/models/miscellanea.py,2,5
show_thumb,larpmanager/models/miscellanea.py,2,1
__str__,larpmanager/models/miscellanea.py,2,6
show_thumb,larpmanager/models/miscellanea.py,2,2
__str__,larpmanager/models/miscellanea.py,2,7
__str__,larpmanager/models/miscellanea.py,2,8
__str__,larpmanager/models/miscellanea.py,2,9
__str__,larpmanager/models/miscellanea.py,2,10
__str__,larpmanager/models/miscellanea.py,2,11
get_optional_fields,larpmanager/models/miscellanea.py,2,1
__str__,larpmanager/models/miscellanea.py,2,12
where_l,larpmanager/models/miscellanea.py,2,1
when_l,larpmanager/models/miscellanea.py,2,1
who_l,larpmanager/models/miscellanea.py,2,1
what_l,larpmanager/models/miscellanea.py,2,1
__str__,larpmanager/models/miscellanea.py,2,14
__str__,larpmanager/models/miscellanea.py,2,15
__init__,larpmanager/forms/larpmanager.py,2,2
__init__,larpmanager/forms/writing.py,2,11
clean_association,larpmanager/forms/base.py,2,1
set_association_id,larpmanager/forms/utils.py,2,1
set_association_id,larpmanager/forms/utils.py,2,2
set_association_id,larpmanager/forms/utils.py,2,3
set_association_id,larpmanager/forms/utils.py,2,4
set_association_id,larpmanager/forms/utils.py,2,5
set_association_id,larpmanager/forms/utils.py,2,6
set_association_id,larpmanager/forms/utils.py,2,7
set_association_id,larpmanager/forms/utils.py,2,8
set_association_id,larpmanager/forms/utils.py,2,9
__init__,larpmanager/forms/accounting.py,2,17
exe_association,larpmanager/views/exe/association.py,2,1
exe_roles_edit,larpmanager/views/exe/association.py,2,1
exe_profile,larpmanager/views/exe/association.py,2,1
exe_texts_edit,larpmanager/views/exe/association.py,2,1
exe_methods,larpmanager/views/exe/association.py,2,1
exe_appearance,larpmanager/views/exe/association.py,2,1
f_k_exe,larpmanager/views/exe/association.py,2,1
exe_quick,larpmanager/views/exe/association.py,2,1
exe_preferences,larpmanager/views/exe/association.py,2,1
