name,path,invocation_count,number
clear_run_event_links_cache,larpmanager/cache/links.py,6,1
format_decimal,larpmanager/templatetags/show_tags.py,6,1
get_assoc_executives,larpmanager/models/access.py,6,1
get_char,larpmanager/utils/common.py,6,1
get_count,larpmanager/management/commands/automate.py,6,1
get_event,larpmanager/utils/event.py,6,1
get_event_staffers,larpmanager/models/access.py,6,1
get_handout,larpmanager/utils/common.py,6,1
get_media_filepath,larpmanager/models/event.py,6,1
get_media_filepath,larpmanager/models/event.py,6,2
has_assoc_permission,larpmanager/cache/role.py,6,1
has_different_cache_values,larpmanager/cache/character.py,6,1
init_orga_fields,larpmanager/forms/base.py,6,1
invoice_received_money,larpmanager/accounting/invoice.py,6,1
refresh_member_accounting_cache,larpmanager/cache/accounting.py,6,1
regs_list_add,larpmanager/views/orga/registration.py,6,1
remove_item_from_cache_section,larpmanager/cache/rels.py,6,1
reprint,larpmanager/utils/pdf.py,6,1
set_suggestion,larpmanager/utils/edit.py,6,1
update_cache_section,larpmanager/cache/rels.py,6,1
_extract_values,larpmanager/utils/download.py,5,1
_get_column_names,larpmanager/utils/download.py,5,1
_get_writing_mapping,larpmanager/models/form.py,5,1
backend_get,larpmanager/utils/edit.py,5,1
calculate_fiscal_code,larpmanager/utils/fiscal_code.py,5,1
check_field,larpmanager/utils/common.py,5,1
clear_event_features_cache,larpmanager/cache/feature.py,5,1
clear_event_relationships_cache,larpmanager/cache/rels.py,5,1
clear_registration_counts_cache,larpmanager/cache/registration.py,5,1
exec_bulk,larpmanager/utils/bulk.py,5,1
get_element_config,larpmanager/cache/config.py,5,1
get_filepath,larpmanager/models/writing.py,5,1
get_form_text,larpmanager/models/form.py,5,1
get_form_text,larpmanager/models/form.py,5,2
get_form_text,larpmanager/models/registration.py,5,1
get_index_assoc_permissions,larpmanager/utils/base.py,5,1
get_member,larpmanager/utils/common.py,5,1
get_payment_details,larpmanager/accounting/base.py,5,1
get_registration,larpmanager/utils/common.py,5,1
get_single_cache_text_field,larpmanager/cache/text_fields.py,5,1
get_warehouse_optionals,larpmanager/utils/miscellanea.py,5,1
get_writing_element_fields,larpmanager/cache/character.py,5,1
invert_dict,larpmanager/utils/upload.py,5,1
refresh_event_quest_relationships,larpmanager/cache/rels.py,5,1
replace_character_names_in_writing,larpmanager/models/writing.py,5,1
search,larpmanager/views/user/event.py,5,1
update_payment_details,larpmanager/utils/base.py,5,1
writing_edit_working_ticket,larpmanager/utils/edit.py,5,1
xhtml_pdf,larpmanager/utils/pdf.py,5,1
_get_help_questions,larpmanager/utils/common.py,4,1
_init_features,larpmanager/cache/association.py,4,1
_init_features,larpmanager/forms/feature.py,4,1
_init_writing_element,larpmanager/utils/event.py,4,1
_redirect_with_message,larpmanager/middleware/exception.py,4,1
_slugify,larpmanager/utils/fiscal_code.py,4,1
cancel_reg,larpmanager/accounting/registration.py,4,1
check_visibility,larpmanager/views/user/event.py,4,1
clear_registration_accounting_cache,larpmanager/cache/accounting.py,4,1
copy,larpmanager/views/orga/copy.py,4,1
correct_rels,larpmanager/views/orga/copy.py,4,1
get_applicable_inverse,larpmanager/models/form.py,4,1
get_attr,larpmanager/models/utils.py,4,1
get_character_element_fields,larpmanager/cache/character.py,4,1
get_character_relationships,larpmanager/utils/character.py,4,1
get_choice_options,larpmanager/forms/base.py,4,1
get_coming_runs,larpmanager/views/user/event.py,4,1
get_css_path,larpmanager/forms/association.py,4,1
get_css_path,larpmanager/forms/base.py,4,1
get_css_path,larpmanager/forms/event.py,4,1
get_editable,larpmanager/models/form.py,4,1
get_index_event_permissions,larpmanager/utils/event.py,4,1
get_instance_questions,larpmanager/models/form.py,4,1
get_instance_questions,larpmanager/models/form.py,4,2
get_members_queryset,larpmanager/forms/utils.py,4,1
get_or_create_index_tutorial,larpmanager/utils/tutorial_query.py,4,1
get_payment_form,larpmanager/accounting/payment.py,4,1
get_request_filepath,larpmanager/models/member.py,4,1
get_request_filepath,larpmanager/models/member.py,4,2
get_run_accounting,larpmanager/accounting/balance.py,4,1
get_run_choices,larpmanager/forms/utils.py,4,1
get_small_text,larpmanager/models/miscellanea.py,4,1
get_user_backend,larpmanager/views/user/member.py,4,1
has_ticket,larpmanager/forms/registration.py,4,1
html_clean,larpmanager/utils/common.py,4,1
info_accounting,larpmanager/accounting/member.py,4,1
max_length_validator,larpmanager/forms/base.py,4,1
normalize_string,larpmanager/utils/common.py,4,1
notify_organization_exe,larpmanager/mail/base.py,4,1
print_handout,larpmanager/utils/pdf.py,4,1
reset_features_cache,larpmanager/cache/wwyltd.py,4,1
round_to_nearest_cent,larpmanager/accounting/registration.py,4,1
round_to_nearest_cent,larpmanager/cache/accounting.py,4,1
_single_config,larpmanager/cache/config.py,4,1
skip,larpmanager/models/form.py,4,1
skip,larpmanager/models/form.py,4,2
update_m2m_related_characters,larpmanager/cache/rels.py,4,1
update_token_credit,larpmanager/accounting/token_credit.py,4,1
visible_writing_fields,larpmanager/cache/fields.py,4,1
_add_item,larpmanager/views/manage.py,3,1
_delete_optionals_warehouse,larpmanager/forms/miscellanea.py,3,1
_expand_val,larpmanager/utils/download.py,3,1
_get_fkey_config,larpmanager/cache/config.py,3,1
_get_registration_status,larpmanager/views/manage.py,3,1
_init_field,larpmanager/forms/base.py,3,1
_init_reg_question,larpmanager/forms/base.py,3,1
__features,larpmanager/forms/feature.py,3,1
__multi,larpmanager/forms/base.py,3,1
__multi,larpmanager/forms/character.py,3,1
__multi,larpmanager/forms/registration.py,3,1
__multi,larpmanager/forms/writing.py,3,1
assoc_accounting,larpmanager/accounting/balance.py,3,1
assoc_permission_feature_key,larpmanager/cache/permission.py,3,1
assoc_text_key,larpmanager/utils/text.py,3,1
assoc_text_key_def,larpmanager/utils/text.py,3,1
cache_configs_key,larpmanager/cache/config.py,3,1
cache_event_links,larpmanager/cache/links.py,3,1
character_form,larpmanager/views/user/character.py,3,1
check_branch,larpmanager/management/commands/utils.py,3,1
check_character_maximum,larpmanager/utils/registration.py,3,1
check_print_pdf,larpmanager/views/user/pdf.py,3,1
check_reg_bkg_go,larpmanager/accounting/registration.py,3,1
check_run_deadlines,larpmanager/utils/deadlines.py,3,1
clean_sender,larpmanager/utils/tasks.py,3,1
event_button_key,larpmanager/cache/button.py,3,1
event_fields_key,larpmanager/cache/fields.py,3,1
event_permission_feature_key,larpmanager/cache/permission.py,3,1
event_text_key,larpmanager/utils/text.py,3,1
event_text_key_def,larpmanager/utils/text.py,3,1
get_cache_assoc,larpmanager/cache/association.py,3,1
get_cache_event_key,larpmanager/cache/links.py,3,1
get_cache_reg_field,larpmanager/cache/text_fields.py,3,1
get_cache_text_field,larpmanager/cache/text_fields.py,3,1
get_casting_preferences,larpmanager/views/user/casting.py,3,1
get_channel,larpmanager/utils/common.py,3,1
get_character_filepath,larpmanager/models/writing.py,3,1
get_character_rels_dict,larpmanager/views/user/event.py,3,1
get_collection_partecipate,larpmanager/utils/common.py,3,1
get_contact,larpmanager/utils/common.py,3,1
get_current_ability_px,larpmanager/utils/experience.py,3,1
get_document_filepath,larpmanager/models/member.py,3,1
get_event_cache_all_key,larpmanager/cache/character.py,3,1
get_fake_request,larpmanager/utils/pdf.py,3,1
get_gallery_filepath,larpmanager/models/event.py,3,1
get_init_multi_character,larpmanager/forms/registration.py,3,1
get_ordered_registration_questions,larpmanager/models/form.py,3,1
get_payment_invoices_dict,larpmanager/views/user/event.py,3,1
get_pre_registrations_dict,larpmanager/views/user/event.py,3,1
get_prologue,larpmanager/utils/common.py,3,1
get_quest_type,larpmanager/utils/common.py,3,1
get_reg_payments,larpmanager/accounting/registration.py,3,1
get_registration_accounting_cache_key,larpmanager/cache/accounting.py,3,1
get_run_lm_payment,larpmanager/views/larpmanager.py,3,1
get_speedlarp,larpmanager/utils/common.py,3,1
get_time_diff,larpmanager/utils/common.py,3,1
get_token_credit_name,larpmanager/mail/accounting.py,3,1
get_tooltip,larpmanager/templatetags/show_tags.py,3,1
get_trait,larpmanager/utils/common.py,3,1
get_undo_abilities,larpmanager/views/user/character.py,3,1
go_character,larpmanager/templatetags/show_tags.py,3,1
go_trait,larpmanager/templatetags/show_tags.py,3,1
hex_to_rgb,larpmanager/templatetags/show_tags.py,3,1
index_permission_key,larpmanager/cache/permission.py,3,1
init_event_rels_all,larpmanager/cache/rels.py,3,1
init_form_submitted,larpmanager/views/user/registration.py,3,1
is_lm_admin,larpmanager/utils/auth.py,3,1
is_suspicious_user_agent,larpmanager/views/larpmanager.py,3,1
my_uuid,larpmanager/models/utils.py,3,1
pdf_template,larpmanager/utils/pdf.py,3,1
print_character,larpmanager/utils/pdf.py,3,1
print_character_friendly,larpmanager/utils/pdf.py,3,1
print_character_rel,larpmanager/utils/pdf.py,3,1
print_gallery,larpmanager/utils/pdf.py,3,1
print_profiles,larpmanager/utils/pdf.py,3,1
refresh_event_questtype_relationships,larpmanager/cache/rels.py,3,1
registration_options,larpmanager/mail/registration.py,3,1
replace_chars_el,larpmanager/models/writing.py,3,1
reset_cache_run,larpmanager/cache/run.py,3,1
satispay_verify,larpmanager/accounting/gateway.py,3,1
_reg_questions,larpmanager/forms/base.py,3,1
search_player,larpmanager/cache/registration.py,3,1
set_run,larpmanager/forms/utils.py,3,1
show_nick,larpmanager/models/member.py,3,1
update_configs,larpmanager/cache/config.py,3,1
writing_post,larpmanager/utils/writing.py,3,1
_activate_orga_lang,larpmanager/utils/event.py,2,1
_add_suggestion,larpmanager/views/manage.py,2,1
_apply_modifier_cost,larpmanager/utils/experience.py,2,1
_assign_choice_answer,larpmanager/utils/upload.py,2,1
_assign_requirements,larpmanager/utils/upload.py,2,1
_build_px_context,larpmanager/utils/experience.py,2,1
_calculate_consonants,larpmanager/utils/fiscal_code.py,2,1
_calculate_registration_accounting,larpmanager/cache/accounting.py,2,1
_calculate_vowels,larpmanager/utils/fiscal_code.py,2,1
_character_sheet,larpmanager/views/user/character.py,2,1
_check_intro_driver,larpmanager/views/manage.py,2,1
_compile,larpmanager/views/manage.py,2,1
_exe_actions,larpmanager/views/manage.py,2,1
_exe_feature_after_link,larpmanager/views/exe/assoc.py,2,1
_free_abilities_idx,larpmanager/utils/experience.py,2,1
_get_accounting_context,larpmanager/cache/accounting.py,2,1
_get_cached_config,larpmanager/cache/config.py,2,1
_get_captcha,larpmanager/forms/larpmanager.py,2,1
_get_content_preview,larpmanager/cache/wwyltd.py,2,1
_get_excel_form,larpmanager/views/orga/character.py,2,1
_get_field_map,larpmanager/utils/paginate.py,2,1
_get_inv_items,larpmanager/utils/bulk.py,2,1
_get_perm_link,larpmanager/views/manage.py,2,1
_get_questions,larpmanager/utils/upload.py,2,1
_get_registration_fields,larpmanager/views/orga/registration.py,2,1
_get_registration_status_code,larpmanager/views/manage.py,2,1
_get_rel,larpmanager/forms/character.py,2,1
_get_values_mapping,larpmanager/utils/edit.py,2,1
_get_writing_elements,larpmanager/models/form.py,2,1
_go,larpmanager/utils/fiscal_code.py,2,1
_handle_tutorial_redirect,larpmanager/views/manage.py,2,1
_init_custom_fields,larpmanager/forms/character.py,2,1
_init_element_cache_reg_field,larpmanager/cache/text_fields.py,2,1
_init_element_cache_text_field,larpmanager/cache/text_fields.py,2,1
_init_factions,larpmanager/forms/character.py,2,1
_init_factions,larpmanager/forms/character.py,2,2
_init_questions,larpmanager/forms/base.py,2,1
_init_questions,larpmanager/forms/writing.py,2,1
_init_type,larpmanager/forms/character.py,2,1
_init_type,larpmanager/forms/registration.py,2,1
_orga_feature_after_link,larpmanager/views/orga/event.py,2,1
_orga_registrations_acc,larpmanager/utils/download.py,2,1
_prepare_backup,larpmanager/views/orga/event.py,2,1
_register_prepare,larpmanager/views/user/registration.py,2,1
__index,larpmanager/utils/tutorial_query.py,2,1
_setup_char_finder,larpmanager/utils/edit.py,2,1
_validate_unique_event,larpmanager/forms/base.py,2,1
acc_profile_check,larpmanager/views/user/accounting.py,2,1
add_char_addit,larpmanager/utils/experience.py,2,1
add_feature_extra,larpmanager/forms/event.py,2,1
add_pdf_instructions,larpmanager/utils/pdf.py,2,1
album_aux,larpmanager/views/user/miscellanea.py,2,1
assign_badge,larpmanager/utils/member.py,2,1
assoc_accounting_data,larpmanager/accounting/balance.py,2,1
cache_assoc_features,larpmanager/cache/feature.py,2,1
cache_assoc_key,larpmanager/cache/association.py,2,1
cache_assoc_role_key,larpmanager/cache/role.py,2,1
cache_cache_lm_home_key,larpmanager/cache/larpmanager.py,2,1
cache_config_run_key,larpmanager/cache/run.py,2,1
cache_event_features_key,larpmanager/cache/feature.py,2,1
cache_event_role_key,larpmanager/cache/role.py,2,1
cache_reg_counts_key,larpmanager/cache/registration.py,2,1
cache_run_key,larpmanager/cache/run.py,2,1
cache_skin_key,larpmanager/cache/skin.py,2,1
cantor,larpmanager/utils/common.py,2,1
casting_history_characters,larpmanager/views/user/casting.py,2,1
casting_history_traits,larpmanager/views/user/casting.py,2,1
casting_preferences_characters,larpmanager/views/user/casting.py,2,1
casting_preferences_traits,larpmanager/views/user/casting.py,2,1
char_add_addit,larpmanager/utils/writing.py,2,1
character_your_link,larpmanager/views/user/character.py,2,1
check_accounting,larpmanager/accounting/balance.py,2,1
check_assign_character,larpmanager/utils/registration.py,2,1
check_char_abilities,larpmanager/views/user/character.py,2,1
check_character_ticket_options,larpmanager/utils/registration.py,2,1
check_gallery_visibility,larpmanager/views/user/event.py,2,1
check_holiday,larpmanager/mail/base.py,2,1
check_managed,larpmanager/cache/role.py,2,1
check_reg_bkg,larpmanager/accounting/registration.py,2,1
check_reg_events,larpmanager/accounting/registration.py,2,1
check_registration_open,larpmanager/views/user/registration.py,2,1
clean_tag,larpmanager/utils/pdf.py,2,1
clear_association_permission_cache,larpmanager/cache/permission.py,2,1
clear_event_button_cache,larpmanager/utils/event.py,2,1
clear_event_permission_cache,larpmanager/cache/permission.py,2,1
clear_messages,larpmanager/utils/common.py,2,1
compress,larpmanager/forms/member.py,2,1
deactivate_castings_and_remove_pdfs,larpmanager/utils/pdf.py,2,1
decimal_to_str,larpmanager/models/utils.py,2,1
download_d,larpmanager/models/utils.py,2,1
encrypt_order,larpmanager/accounting/gateway.py,2,1
evaluate_config,larpmanager/cache/config.py,2,1
exe_features_go,larpmanager/views/exe/assoc.py,2,1
export_abilities,larpmanager/utils/download.py,2,1
export_character_form,larpmanager/utils/download.py,2,1
export_registration_form,larpmanager/utils/download.py,2,1
export_tickets,larpmanager/utils/download.py,2,1
fetch_payment_details,larpmanager/utils/base.py,2,1
file_iterator,larpmanager/views/user/onetime.py,2,1
form_load,larpmanager/utils/upload.py,2,1
form_valid,larpmanager/views/auth.py,2,1
form_valid,larpmanager/views/base.py,2,1
full_event_edit,larpmanager/views/orga/event.py,2,1
get_all_fields_from_form,larpmanager/views/orga/copy.py,2,1
get_allowed_managed,larpmanager/utils/auth.py,2,1
get_answer_types,larpmanager/models/form.py,2,1
get_assoc_permission_feature,larpmanager/cache/permission.py,2,1
get_assoc_roles,larpmanager/cache/role.py,2,1
get_automatic_field,larpmanager/forms/base.py,2,1
get_automatic_field,larpmanager/forms/registration.py,2,1
get_available_ability_px,larpmanager/utils/experience.py,2,1
get_cache_run,larpmanager/cache/run.py,2,1
get_character_filter,larpmanager/utils/event.py,2,1
get_chars_relations,larpmanager/utils/character.py,2,1
get_choice_types,larpmanager/models/form.py,2,1
get_configs,larpmanager/cache/config.py,2,1
get_credit_email,larpmanager/mail/accounting.py,2,1
get_data,larpmanager/forms/miscellanea.py,2,1
get_data,larpmanager/models/utils.py,2,1
get_date_surcharge,larpmanager/accounting/registration.py,2,1
get_display_choice,larpmanager/accounting/registration.py,2,1
get_element_configs,larpmanager/cache/config.py,2,1
get_event_cache_factions,larpmanager/cache/character.py,2,1
get_event_filter_characters,larpmanager/utils/event.py,2,1
get_event_permission_feature,larpmanager/cache/permission.py,2,1
get_event_roles,larpmanager/cache/role.py,2,1
get_event_template,larpmanager/utils/common.py,2,1
get_example_csv,larpmanager/models/writing.py,2,1
get_example_csv,larpmanager/models/writing.py,2,2
get_fact,larpmanager/views/user/event.py,2,1
get_feature,larpmanager/utils/common.py,2,1
get_features_cache_key,larpmanager/cache/wwyltd.py,2,1
get_guides_cache_key,larpmanager/cache/wwyltd.py,2,1
get_help_email,larpmanager/mail/member.py,2,1
get_index_permissions,larpmanager/utils/base.py,2,1
get_input_css,larpmanager/forms/association.py,2,1
get_input_css,larpmanager/forms/base.py,2,1
get_input_css,larpmanager/forms/event.py,2,1
get_invoice_email,larpmanager/mail/accounting.py,2,1
get_mail,larpmanager/utils/member.py,2,1
get_members_fields,larpmanager/forms/member.py,2,1
get_membership_fee_year,larpmanager/utils/deadlines.py,2,1
get_membership_request,larpmanager/utils/pdf.py,2,1
get_optional_fields,larpmanager/models/miscellanea.py,2,1
get_options_query,larpmanager/forms/base.py,2,1
get_options_query,larpmanager/forms/writing.py,2,1
get_or_create_index_guide,larpmanager/utils/tutorial_query.py,2,1
get_pay_credit_email,larpmanager/mail/accounting.py,2,1
get_pay_money_email,larpmanager/mail/accounting.py,2,1
get_pay_token_email,larpmanager/mail/accounting.py,2,1
get_payment_deadline,larpmanager/accounting/registration.py,2,1
get_payment_details_fields,larpmanager/forms/accounting.py,2,1
get_payment_details_path,larpmanager/models/utils.py,2,1
get_payment_fee,larpmanager/accounting/payment.py,2,1
get_player_characters,larpmanager/utils/registration.py,2,1
get_player_signup,larpmanager/utils/registration.py,2,1
get_plot,larpmanager/utils/common.py,2,1
get_pre_registration,larpmanager/views/orga/registration.py,2,1
get_previous_sum,larpmanager/accounting/vat.py,2,1
get_profiles_filepath,larpmanager/models/event.py,2,1
get_queryset,larpmanager/forms/utils.py,2,1
get_queryset,larpmanager/forms/utils.py,2,2
get_queryset,larpmanager/forms/utils.py,2,3
get_queryset,larpmanager/forms/utils.py,2,4
get_queryset,larpmanager/forms/utils.py,2,5
get_queryset,larpmanager/forms/utils.py,2,6
get_queryset,larpmanager/forms/utils.py,2,7
get_queryset,larpmanager/forms/utils.py,2,8
get_queryset,larpmanager/forms/utils.py,2,9
get_queryset,larpmanager/forms/utils.py,2,10
get_queryset,larpmanager/forms/utils.py,2,11
get_queryset,larpmanager/forms/utils.py,2,12
get_queryset,larpmanager/forms/utils.py,2,13
get_queryset,larpmanager/forms/utils.py,2,14
get_queryset,larpmanager/forms/utils.py,2,15
get_queryset,larpmanager/forms/utils.py,2,16
get_queryset,larpmanager/forms/utils.py,2,17
get_queryset,larpmanager/forms/utils.py,2,18
get_queryset,larpmanager/forms/utils.py,2,19
get_queryset,larpmanager/forms/utils.py,2,20
get_quest,larpmanager/utils/common.py,2,1
get_recaptcha_secrets,larpmanager/utils/common.py,2,1
get_reduced_available_count,larpmanager/utils/registration.py,2,1
get_regs,larpmanager/accounting/token_credit.py,2,1
get_regs_paying_incomplete,larpmanager/accounting/token_credit.py,2,1
get_relationships_filepath,larpmanager/models/writing.py,2,1
get_sheet_filepath,larpmanager/models/writing.py,2,1
get_sheet_friendly_filepath,larpmanager/models/writing.py,2,1
get_sorted_permissions,larpmanager/utils/tutorial_query.py,2,1
get_tier_available,larpmanager/forms/registration.py,2,1
get_token_email,larpmanager/mail/accounting.py,2,1
get_trait_character,larpmanager/utils/pdf.py,2,1
get_tutorials_cache_key,larpmanager/cache/wwyltd.py,2,1
go_redirect,larpmanager/views/larpmanager.py,2,1
go_redirect_run,larpmanager/views/larpmanager.py,2,1
init_additionals,larpmanager/forms/registration.py,2,1
init_additionals,larpmanager/forms/registration.py,2,2
init_fields,larpmanager/forms/feature.py,2,1
init_pay_what,larpmanager/forms/registration.py,2,1
init_pay_what,larpmanager/forms/registration.py,2,2
init_quotas,larpmanager/forms/registration.py,2,1
init_quotas,larpmanager/forms/registration.py,2,2
init_ticket,larpmanager/forms/registration.py,2,1
init_ticket,larpmanager/forms/registration.py,2,2
leaderboard_key,larpmanager/utils/member.py,2,1
load_assoc,larpmanager/middleware/association.py,2,1
log_api_access,larpmanager/views/api.py,2,1
lottery_info,larpmanager/views/orga/registration.py,2,1
mask_string,larpmanager/forms/accounting.py,2,1
member_field_correct,larpmanager/views/orga/member.py,2,1
my_send_simple_mail,larpmanager/utils/tasks.py,2,1
notify_invoice_check,larpmanager/mail/accounting.py,2,1
orga_features_go,larpmanager/views/orga/event.py,2,1
paginate,larpmanager/utils/paginate.py,2,1
prepare_permissions_role,larpmanager/forms/utils.py,2,1
prepare_roles_list,larpmanager/views/orga/event.py,2,1
prepare_run,larpmanager/utils/event.py,2,1
print_character_go,larpmanager/utils/pdf.py,2,1
print_handout_go,larpmanager/utils/pdf.py,2,1
refresh_character_related_caches,larpmanager/cache/rels.py,2,1
refresh_delivery_characters,larpmanager/utils/experience.py,2,1
refresh_event_character_relationships,larpmanager/cache/rels.py,2,1
refresh_event_faction_relationships,larpmanager/cache/rels.py,2,1
refresh_event_plot_relationships,larpmanager/cache/rels.py,2,1
refresh_event_prologue_relationships,larpmanager/cache/rels.py,2,1
refresh_event_speedlarp_relationships,larpmanager/cache/rels.py,2,1
registration_available,larpmanager/utils/registration.py,2,1
registration_find,larpmanager/utils/registration.py,2,1
registration_option_edit,larpmanager/views/orga/form.py,2,1
remember_membership,larpmanager/mail/remind.py,2,1
remember_membership_fee,larpmanager/mail/remind.py,2,1
remember_pay,larpmanager/mail/remind.py,2,1
remember_profile,larpmanager/mail/remind.py,2,1
remove_association_role_cache,larpmanager/cache/role.py,2,1
remove_char_ability,larpmanager/utils/experience.py,2,1
remove_choice,larpmanager/forms/utils.py,2,1
remove_choice,larpmanager/utils/common.py,2,1
remove_event_role_cache,larpmanager/cache/role.py,2,1
remove_html_tags,larpmanager/cache/text_fields.py,2,1
remove_run_pdf,larpmanager/utils/pdf.py,2,1
replace_char_names,larpmanager/models/writing.py,2,1
replace_data,larpmanager/utils/pdf.py,2,1
reset_assoc_features,larpmanager/cache/feature.py,2,1
reset_cache_config_run,larpmanager/cache/run.py,2,1
reset_character_registration_cache,larpmanager/cache/character.py,2,1
reset_event_cache_all,larpmanager/cache/character.py,2,1
reset_guides_cache,larpmanager/cache/wwyltd.py,2,1
reset_tutorials_cache,larpmanager/cache/wwyltd.py,2,1
retrieve_cache_text_field,larpmanager/utils/writing.py,2,1
rmdir,larpmanager/utils/common.py,2,1
round_to_two_significant_digits,larpmanager/utils/common.py,2,1
round_up_to_two_decimals,larpmanager/accounting/payment.py,2,1
_all_element_configs,larpmanager/cache/config.py,2,1
_css,larpmanager/forms/base.py,2,1
_permissions_role,larpmanager/forms/utils.py,2,1
_po,larpmanager/management/commands/translate.py,2,1
_registration,larpmanager/views/user/registration.py,2,1
_version,larpmanager/utils/edit.py,2,1
send_mail_batch,larpmanager/views/orga/member.py,2,1
send_mail_exec,larpmanager/utils/tasks.py,2,1
set_config_accounting,larpmanager/forms/association.py,2,1
set_config_accounting,larpmanager/forms/event.py,2,1
set_configs,larpmanager/forms/association.py,2,1
set_configs,larpmanager/forms/association.py,2,2
set_configs,larpmanager/forms/config.py,2,1
set_configs,larpmanager/forms/event.py,2,1
set_configs,larpmanager/forms/event.py,2,2
set_configs,larpmanager/forms/event.py,2,3
set_configs,larpmanager/forms/event.py,2,4
set_exclude,larpmanager/forms/utils.py,2,1
set_exclude,larpmanager/forms/utils.py,2,2
set_initial,larpmanager/forms/accounting.py,2,1
show_char,larpmanager/templatetags/show_tags.py,2,1
show_char,larpmanager/views/user/character.py,2,1
sign_hmac256,larpmanager/accounting/gateway.py,2,1
translate_entry,larpmanager/management/commands/translate.py,2,1
unique_invoice_cod,larpmanager/accounting/payment.py,2,1
update_assoc_text,larpmanager/utils/text.py,2,1
update_assoc_text_def,larpmanager/utils/text.py,2,1
update_characters_experience_on_ability_change,larpmanager/utils/experience.py,2,1
update_characters_experience_on_modifier_change,larpmanager/utils/experience.py,2,1
update_characters_experience_on_rule_change,larpmanager/utils/experience.py,2,1
update_event_cache_all,larpmanager/cache/character.py,2,1
update_event_cache_all_runs,larpmanager/cache/character.py,2,1
update_event_text,larpmanager/utils/text.py,2,1
update_event_text_def,larpmanager/utils/text.py,2,1
update_member,larpmanager/utils/auth.py,2,1
update_registration_accounting_cache,larpmanager/cache/accounting.py,2,1
update_registration_status_bkg,larpmanager/mail/registration.py,2,1
update_text_fields_cache,larpmanager/cache/text_fields.py,2,1
welcome_user,larpmanager/utils/common.py,2,1
what_would_you_like,larpmanager/views/manage.py,2,1
writing_option_edit,larpmanager/views/orga/character.py,2,1
__call__,larpmanager/middleware/association.py,1,1
__call__,larpmanager/middleware/broken.py,1,1
__call__,larpmanager/middleware/exception.py,1,1
__call__,larpmanager/middleware/locale.py,1,1
__call__,larpmanager/middleware/profiler.py,1,1
__call__,larpmanager/middleware/token.py,1,1
__call__,larpmanager/middleware/url.py,1,1
__call__,larpmanager/models/utils.py,1,1
__call__,larpmanager/utils/validators.py,1,1
__str__,larpmanager/models/access.py,1,1
__str__,larpmanager/models/access.py,1,2
__str__,larpmanager/models/accounting.py,1,1
__str__,larpmanager/models/accounting.py,1,2
__str__,larpmanager/models/accounting.py,1,3
__str__,larpmanager/models/accounting.py,1,4
__str__,larpmanager/models/accounting.py,1,5
__str__,larpmanager/models/accounting.py,1,6
__str__,larpmanager/models/association.py,1,1
__str__,larpmanager/models/association.py,1,2
__str__,larpmanager/models/base.py,1,1
__str__,larpmanager/models/base.py,1,2
__str__,larpmanager/models/base.py,1,3
__str__,larpmanager/models/casting.py,1,1
__str__,larpmanager/models/casting.py,1,2
__str__,larpmanager/models/casting.py,1,3
__str__,larpmanager/models/casting.py,1,4
__str__,larpmanager/models/casting.py,1,5
__str__,larpmanager/models/event.py,1,1
__str__,larpmanager/models/event.py,1,2
__str__,larpmanager/models/event.py,1,3
__str__,larpmanager/models/event.py,1,4
__str__,larpmanager/models/event.py,1,5
__str__,larpmanager/models/event.py,1,6
__str__,larpmanager/models/event.py,1,7
__str__,larpmanager/models/form.py,1,1
__str__,larpmanager/models/form.py,1,2
__str__,larpmanager/models/form.py,1,3
__str__,larpmanager/models/form.py,1,4
__str__,larpmanager/models/form.py,1,5
__str__,larpmanager/models/form.py,1,6
__str__,larpmanager/models/form.py,1,7
__str__,larpmanager/models/form.py,1,8
__str__,larpmanager/models/member.py,1,1
__str__,larpmanager/models/member.py,1,2
__str__,larpmanager/models/member.py,1,3
__str__,larpmanager/models/member.py,1,4
__str__,larpmanager/models/member.py,1,5
__str__,larpmanager/models/miscellanea.py,1,1
__str__,larpmanager/models/miscellanea.py,1,2
__str__,larpmanager/models/miscellanea.py,1,3
__str__,larpmanager/models/miscellanea.py,1,4
__str__,larpmanager/models/miscellanea.py,1,5
__str__,larpmanager/models/miscellanea.py,1,6
__str__,larpmanager/models/miscellanea.py,1,7
__str__,larpmanager/models/miscellanea.py,1,8
__str__,larpmanager/models/miscellanea.py,1,9
__str__,larpmanager/models/miscellanea.py,1,10
__str__,larpmanager/models/miscellanea.py,1,11
__str__,larpmanager/models/miscellanea.py,1,12
__str__,larpmanager/models/miscellanea.py,1,13
__str__,larpmanager/models/miscellanea.py,1,14
__str__,larpmanager/models/miscellanea.py,1,15
__str__,larpmanager/models/miscellanea.py,1,16
__str__,larpmanager/models/registration.py,1,1
__str__,larpmanager/models/registration.py,1,2
__str__,larpmanager/models/registration.py,1,3
__str__,larpmanager/models/registration.py,1,4
__str__,larpmanager/models/registration.py,1,5
__str__,larpmanager/models/writing.py,1,1
__str__,larpmanager/models/writing.py,1,2
__str__,larpmanager/models/writing.py,1,3
__str__,larpmanager/models/writing.py,1,4
__str__,larpmanager/models/writing.py,1,5
__str__,larpmanager/models/writing.py,1,6
__str__,larpmanager/models/writing.py,1,7
__str__,larpmanager/models/writing.py,1,8
__str__,larpmanager/models/writing.py,1,9
__str__,larpmanager/models/writing.py,1,10
__str__,larpmanager/models/writing.py,1,11
__str__,larpmanager/models/writing.py,1,12
_ability_load,larpmanager/utils/upload.py,1,1
_ability_template,larpmanager/views/orga/event.py,1,1
_add_bring_friend_discounts,larpmanager/views/user/registration.py,1,1
_add_custom_field,larpmanager/forms/config.py,1,1
_add_dashboard_choices,larpmanager/views/manage.py,1,1
_add_features_choices,larpmanager/views/manage.py,1,1
_add_function_choices,larpmanager/views/manage.py,1,1
_add_guides_tutorials,larpmanager/views/manage.py,1,1
_add_in_iframe_param,larpmanager/views/exe/assoc.py,1,1
_add_reg_configs,larpmanager/forms/event.py,1,1
_add_tutorials_choices,larpmanager/views/manage.py,1,1
_apply_custom_queries,larpmanager/utils/paginate.py,1,1
_apply_ticket,larpmanager/views/user/registration.py,1,1
_assign_elem,larpmanager/utils/upload.py,1,1
_assign_faction,larpmanager/utils/upload.py,1,1
_assign_prereq,larpmanager/utils/upload.py,1,1
_assign_type,larpmanager/utils/upload.py,1,1
_assigned_updated,larpmanager/views/orga/miscellanea.py,1,1
_available_filler,larpmanager/utils/registration.py,1,1
_available_waiting,larpmanager/utils/registration.py,1,1
_build_features_cache,larpmanager/cache/wwyltd.py,1,1
_build_guides_cache,larpmanager/cache/wwyltd.py,1,1
_build_navigation_context,larpmanager/cache/links.py,1,1
_build_tutorials_cache,larpmanager/cache/wwyltd.py,1,1
_calculate_check_digit,larpmanager/utils/fiscal_code.py,1,1
_casting_prepare,larpmanager/views/orga/casting.py,1,1
_casting_update,larpmanager/views/user/casting.py,1,1
_characters_relationships,larpmanager/views/orga/character.py,1,1
_check_already_done,larpmanager/views/user/casting.py,1,1
_check_discount,larpmanager/views/user/registration.py,1,1
_check_new,larpmanager/utils/miscellanea.py,1,1
_check_redirect_registration,larpmanager/views/user/registration.py,1,1
_check_word_or_excel,larpmanager/utils/validators.py,1,1
_check_working_ticket,larpmanager/views/orga/character.py,1,1
_clean,larpmanager/utils/download.py,1,1
_clean_birth_place,larpmanager/utils/fiscal_code.py,1,1
_compile_configs,larpmanager/forms/event.py,1,1
_copy_appearance_fields,larpmanager/views/orga/copy.py,1,1
_copy_event_fields,larpmanager/views/orga/copy.py,1,1
_copy_features,larpmanager/views/orga/copy.py,1,1
_create_demo,larpmanager/views/larpmanager.py,1,1
_custom_reason_reg,larpmanager/accounting/payment.py,1,1
_determine_run_roles,larpmanager/cache/links.py,1,1
_download_prepare,larpmanager/utils/download.py,1,1
_einvoice_body,larpmanager/utils/einvoice.py,1,1
_einvoice_header,larpmanager/utils/einvoice.py,1,1
_exe_accounting_actions,larpmanager/views/manage.py,1,1
_exe_manage,larpmanager/views/manage.py,1,1
_exe_suggestions,larpmanager/views/manage.py,1,1
_exe_users_actions,larpmanager/views/manage.py,1,1
_extract_birth_date,larpmanager/utils/fiscal_code.py,1,1
_extract_first_name,larpmanager/utils/fiscal_code.py,1,1
_extract_h2_sections,larpmanager/cache/wwyltd.py,1,1
_extract_last_name,larpmanager/utils/fiscal_code.py,1,1
_extract_municipality_code,larpmanager/utils/fiscal_code.py,1,1
_extract_view_func_name,larpmanager/middleware/profiler.py,1,1
_fill_not_chosen,larpmanager/views/orga/casting.py,1,1
_form_template,larpmanager/views/orga/event.py,1,1
_get_accessible_runs,larpmanager/cache/links.py,1,1
_get_all_element_configs,larpmanager/forms/config.py,1,1
_get_applicable_row,larpmanager/utils/download.py,1,1
_get_assoc_roles,larpmanager/cache/links.py,1,1
_get_bulk_params,larpmanager/utils/bulk.py,1,1
_get_cached_assoc,larpmanager/forms/member.py,1,1
_get_cached_features,larpmanager/forms/member.py,1,1
_get_cached_membership,larpmanager/forms/member.py,1,1
_get_choice_redirect_url,larpmanager/views/manage.py,1,1
_get_custom_field,larpmanager/forms/config.py,1,1
_get_custom_form,larpmanager/utils/writing.py,1,1
_get_deadline_installment,larpmanager/accounting/registration.py,1,1
_get_elements_query,larpmanager/utils/paginate.py,1,1
_get_event_roles,larpmanager/cache/links.py,1,1
_get_extension,larpmanager/utils/miscellanea.py,1,1
_get_features_map,larpmanager/utils/registration.py,1,1
_get_field_value,larpmanager/utils/edit.py,1,1
_get_form_field,larpmanager/forms/config.py,1,1
_get_href,larpmanager/views/manage.py,1,1
_get_mappings,larpmanager/utils/upload.py,1,1
_get_mirror_instance,larpmanager/utils/upload.py,1,1
_get_option,larpmanager/utils/upload.py,1,1
_get_ordering,larpmanager/utils/paginate.py,1,1
_get_player_info,larpmanager/views/orga/casting.py,1,1
_get_player_preferences,larpmanager/views/orga/casting.py,1,1
_get_previous,larpmanager/views/user/casting.py,1,1
_get_promoters,larpmanager/cache/larpmanager.py,1,1
_get_query_params,larpmanager/utils/paginate.py,1,1
_get_question_update,larpmanager/views/orga/character.py,1,1
_get_reviews,larpmanager/cache/larpmanager.py,1,1
_get_showcases,larpmanager/cache/larpmanager.py,1,1
_get_standard_row,larpmanager/utils/download.py,1,1
_get_writing_names,larpmanager/utils/download.py,1,1
_go_centauri,larpmanager/utils/miscellanea.py,1,1
_handle_event_pms_redirect,larpmanager/views/manage.py,1,1
_handle_feature_error,larpmanager/middleware/exception.py,1,1
_handle_free_abilities,larpmanager/utils/experience.py,1,1
_has_permission,larpmanager/views/manage.py,1,1
_header_regs,larpmanager/utils/download.py,1,1
_info_collections,larpmanager/accounting/member.py,1,1
_info_donations,larpmanager/accounting/member.py,1,1
_info_membership,larpmanager/accounting/member.py,1,1
_info_token_credit,larpmanager/accounting/member.py,1,1
_init_applicable,larpmanager/forms/character.py,1,1
_init_character,larpmanager/forms/character.py,1,1
_init_character,larpmanager/forms/character.py,1,2
_init_character_form_questions,larpmanager/utils/event.py,1,1
_init_choices,larpmanager/accounting/member.py,1,1
_init_editable,larpmanager/forms/character.py,1,1
_init_member_fields,larpmanager/cache/association.py,1,1
_init_payments,larpmanager/cache/association.py,1,1
_init_pending,larpmanager/accounting/member.py,1,1
_init_plots,larpmanager/forms/character.py,1,1
_init_px,larpmanager/forms/character.py,1,1
_init_regs,larpmanager/accounting/member.py,1,1
_init_skin,larpmanager/cache/association.py,1,1
_is_discount_already_used,larpmanager/views/user/registration.py,1,1
_is_discount_invalid_for_registration,larpmanager/views/user/registration.py,1,1
_is_discount_maxed,larpmanager/views/user/registration.py,1,1
_is_type_already_used,larpmanager/views/user/registration.py,1,1
_join_form,larpmanager/views/larpmanager.py,1,1
_key_id,larpmanager/models/utils.py,1,1
_normalize,larpmanager/utils/validators.py,1,1
_onetime_prepare,larpmanager/views/user/onetime.py,1,1
_options_load,larpmanager/utils/upload.py,1,1
_orga_actions_priorities,larpmanager/views/manage.py,1,1
_orga_casting_actions,larpmanager/views/manage.py,1,1
_orga_manage,larpmanager/views/manage.py,1,1
_orga_px_actions,larpmanager/views/manage.py,1,1
_orga_reg_acc_actions,larpmanager/views/manage.py,1,1
_orga_reg_actions,larpmanager/views/manage.py,1,1
_orga_registration_character,larpmanager/views/orga/registration.py,1,1
_orga_registrations_custom_character,larpmanager/views/orga/registration.py,1,1
_orga_registrations_discount,larpmanager/views/orga/registration.py,1,1
_orga_registrations_prepare,larpmanager/views/orga/registration.py,1,1
_orga_registrations_standard,larpmanager/views/orga/registration.py,1,1
_orga_registrations_text_fields,larpmanager/views/orga/registration.py,1,1
_orga_registrations_tickets,larpmanager/views/orga/registration.py,1,1
_orga_registrations_traits,larpmanager/views/orga/registration.py,1,1
_orga_suggestions,larpmanager/views/manage.py,1,1
_orga_user_actions,larpmanager/views/manage.py,1,1
_organization_sitemap,larpmanager/urls/sitemap.py,1,1
_plot_rels_load,larpmanager/utils/upload.py,1,1
_prepare_data_json,larpmanager/utils/paginate.py,1,1
_prepare_export,larpmanager/utils/download.py,1,1
_prepare_writing_list,larpmanager/utils/writing.py,1,1
_process_collection,larpmanager/accounting/payment.py,1,1
_process_donate,larpmanager/accounting/payment.py,1,1
_process_fee,larpmanager/accounting/payment.py,1,1
_process_membership,larpmanager/accounting/payment.py,1,1
_process_payment,larpmanager/accounting/payment.py,1,1
_questions_load,larpmanager/utils/upload.py,1,1
_read_uploaded_csv,larpmanager/utils/upload.py,1,1
_reg_assign_characters,larpmanager/utils/upload.py,1,1
_reg_field_load,larpmanager/utils/upload.py,1,1
_reg_load,larpmanager/utils/upload.py,1,1
_reg_template,larpmanager/views/orga/event.py,1,1
_relationships_load,larpmanager/utils/upload.py,1,1
_remove_unimportant_prefix,larpmanager/templatetags/show_tags.py,1,1
_render_sitemap,larpmanager/urls/sitemap.py,1,1
_row_header,larpmanager/utils/download.py,1,1
__character_abilities,larpmanager/views/user/character.py,1,1
__plot,larpmanager/forms/character.py,1,1
__px,larpmanager/forms/character.py,1,1
__questbuilder,larpmanager/views/orga/registration.py,1,1
__relationships,larpmanager/forms/character.py,1,1
_search_char_reg,larpmanager/utils/common.py,1,1
_set_filtering,larpmanager/utils/paginate.py,1,1
_status_approval,larpmanager/utils/registration.py,1,1
_status_payment,larpmanager/utils/registration.py,1,1
_status_preregister,larpmanager/utils/registration.py,1,1
_temp_csv_file,larpmanager/utils/download.py,1,1
_ticket_load,larpmanager/utils/upload.py,1,1
_update_character,larpmanager/views/user/character.py,1,1
_validate_exclusive_logic,larpmanager/views/user/registration.py,1,1
_writing_field,larpmanager/utils/download.py,1,1
_writing_load_field,larpmanager/utils/upload.py,1,1
_writing_question_load,larpmanager/utils/upload.py,1,1
_writing_,larpmanager/utils/edit.py,1,1
_writing_template,larpmanager/views/orga/event.py,1,1
abilities_load,larpmanager/utils/upload.py,1,1
acc_redirect,larpmanager/views/user/accounting.py,1,1
add_unsubscribe_body,larpmanager/utils/tasks.py,1,1
add_writing_configs,larpmanager/forms/event.py,1,1
allow_run_choice,larpmanager/forms/base.py,1,1
almost_equal,larpmanager/utils/member.py,1,1
apply_rules_computed,larpmanager/utils/experience.py,1,1
apply_skin_features_to_association,larpmanager/utils/association.py,1,1
assign_casting,larpmanager/views/orga/casting.py,1,1
assign_previous_campaign_character,larpmanager/utils/event.py,1,1
authenticate,larpmanager/utils/backend.py,1,1
auto_assign_association_permission_number,larpmanager/utils/association.py,1,1
auto_assign_event_permission_number,larpmanager/utils/auth.py,1,1
auto_assign_faq_sequential_number,larpmanager/utils/larpmanager.py,1,1
auto_assign_sequential_numbers,larpmanager/models/base.py,1,1
auto_rotate_vertical_photos,larpmanager/utils/miscellanea.py,1,1
bring_friend_instructions,larpmanager/mail/base.py,1,1
calculate_age,larpmanager/views/orga/registration.py,1,1
calculate_payment_vat,larpmanager/accounting/vat.py,1,1
calendar,larpmanager/views/user/event.py,1,1
casting_characters,larpmanager/views/user/casting.py,1,1
casting_quest_traits,larpmanager/views/user/casting.py,1,1
check,larpmanager/middleware/broken.py,1,1
check_ach_player,larpmanager/management/commands/automate.py,1,1
check_achievements,larpmanager/management/commands/automate.py,1,1
check_assoc,larpmanager/utils/edit.py,1,1
check_available_ability_px,larpmanager/utils/experience.py,1,1
check_casting_player,larpmanager/views/orga/casting.py,1,1
check_centauri,larpmanager/utils/miscellanea.py,1,1
check_deadline,larpmanager/management/commands/automate.py,1,1
check_diff,larpmanager/utils/common.py,1,1
check_editable,larpmanager/forms/base.py,1,1
check_editable,larpmanager/forms/character.py,1,1
check_friends_player,larpmanager/management/commands/automate.py,1,1
check_membership_fee,larpmanager/management/commands/automate.py,1,1
check_missing_mandatory,larpmanager/utils/character.py,1,1
check_old_payments,larpmanager/management/commands/automate.py,1,1
check_option,larpmanager/forms/base.py,1,1
check_password_reset,larpmanager/management/commands/automate.py,1,1
check_payment,larpmanager/management/commands/automate.py,1,1
check_payment_not_approved,larpmanager/management/commands/automate.py,1,1
check_player_skip_characters,larpmanager/views/orga/casting.py,1,1
check_player_skip_quests,larpmanager/views/orga/casting.py,1,1
check_relations,larpmanager/views/orga/character.py,1,1
check_remind,larpmanager/management/commands/automate.py,1,1
check_run,larpmanager/utils/edit.py,1,1
check_run_accounting,larpmanager/accounting/balance.py,1,1
check_satispay_payments,larpmanager/management/commands/check_payments.py,1,1
check_signup,larpmanager/utils/registration.py,1,1
check_speedlarp,larpmanager/views/orga/character.py,1,1
check_speedlarp_prepare,larpmanager/views/orga/character.py,1,1
check_ticket_visibility,larpmanager/forms/registration.py,1,1
check_writings,larpmanager/views/orga/character.py,1,1
check_year,larpmanager/views/exe/accounting.py,1,1
choose_assoc,larpmanager/views/larpmanager.py,1,1
choose_run,larpmanager/views/larpmanager.py,1,1
clean_db,larpmanager/management/commands/automate.py,1,1
cleanup_character_pdfs_before_delete,larpmanager/utils/pdf.py,1,1
cleanup_character_pdfs_on_,larpmanager/utils/pdf.py,1,1
cleanup_faction_pdfs_before_delete,larpmanager/utils/pdf.py,1,1
cleanup_faction_pdfs_on_,larpmanager/utils/pdf.py,1,1
cleanup_handout_pdfs_after_,larpmanager/utils/pdf.py,1,1
cleanup_handout_pdfs_before_delete,larpmanager/utils/pdf.py,1,1
cleanup_handout_template_pdfs_after_,larpmanager/utils/pdf.py,1,1
cleanup_handout_template_pdfs_before_delete,larpmanager/utils/pdf.py,1,1
cleanup_pdfs_on_trait_assignment,larpmanager/utils/pdf.py,1,1
cleanup_relationship_pdfs_after_,larpmanager/utils/pdf.py,1,1
cleanup_relationship_pdfs_before_delete,larpmanager/utils/pdf.py,1,1
clear_association_cache,larpmanager/cache/association.py,1,1
clear_association_text_cache_on_delete,larpmanager/utils/text.py,1,1
clear_event_text_cache_on_delete,larpmanager/utils/text.py,1,1
clear_larpmanager_home_cache,larpmanager/cache/larpmanager.py,1,1
clear_skin_cache,larpmanager/cache/skin.py,1,1
compute_diff,larpmanager/utils/common.py,1,1
copy_character_config,larpmanager/views/orga/copy.py,1,1
copy_css,larpmanager/views/orga/copy.py,1,1
copy_event,larpmanager/views/orga/copy.py,1,1
copy_parent_event_to_campaign,larpmanager/utils/event.py,1,1
copy_registration,larpmanager/views/orga/copy.py,1,1
copy_writing,larpmanager/views/orga/copy.py,1,1
correct_plot_character,larpmanager/views/orga/copy.py,1,1
correct_relationship,larpmanager/views/orga/copy.py,1,1
correct_rels_many,larpmanager/views/orga/copy.py,1,1
correct_workshop,larpmanager/views/orga/copy.py,1,1
count_differences,larpmanager/utils/member.py,1,1
create_default_event_setup,larpmanager/utils/event.py,1,1
create_member_profile_for_user,larpmanager/utils/member.py,1,1
deadlines_casting,larpmanager/utils/deadlines.py,1,1
deadlines_membership,larpmanager/utils/deadlines.py,1,1
deadlines_payment,larpmanager/utils/deadlines.py,1,1
deadlines_profile,larpmanager/utils/deadlines.py,1,1
def_callback,larpmanager/views/exe/assoc.py,1,1
def_callback,larpmanager/views/orga/event.py,1,1
delete_all_in_path,larpmanager/cache/character.py,1,1
detect_delimiter,larpmanager/utils/common.py,1,1
display,larpmanager/models/experience.py,1,1
display,larpmanager/models/experience.py,1,2
display,larpmanager/models/experience.py,1,3
display_profile,larpmanager/models/member.py,1,1
display_profile,larpmanager/models/registration.py,1,1
dump,larpmanager/utils/common.py,1,1
element_load,larpmanager/utils/upload.py,1,1
exec_odt_template,larpmanager/utils/pdf.py,1,1
export_event,larpmanager/utils/download.py,1,1
export_plot_rels,larpmanager/utils/download.py,1,1
export_relationships,larpmanager/utils/download.py,1,1
fix_filename,larpmanager/utils/pdf.py,1,1
generate_association_encryption_key,larpmanager/utils/association.py,1,1
generate_number,larpmanager/utils/common.py,1,1
generate_tutorial_url_slug,larpmanager/utils/larpmanager.py,1,1
get_acc_reg_detail,larpmanager/accounting/balance.py,1,1
get_acc_reg_type,larpmanager/accounting/balance.py,1,1
get_accounting_refund,larpmanager/accounting/registration.py,1,1
get_album,larpmanager/utils/common.py,1,1
get_album_cod,larpmanager/utils/common.py,1,1
get_assoc,larpmanager/utils/common.py,1,1
get_assoc_info,larpmanager/middleware/association.py,1,1
get_assoc_role,larpmanager/cache/role.py,1,1
get_assoc_text_cache,larpmanager/utils/text.py,1,1
get_assoc_text_cache_def,larpmanager/utils/text.py,1,1
get_available_tickets,larpmanager/forms/registration.py,1,1
get_badge,larpmanager/utils/common.py,1,1
get_base_domain,larpmanager/views/base.py,1,1
get_cache_assoc_role,larpmanager/cache/role.py,1,1
get_cache_badge,larpmanager/management/commands/automate.py,1,1
get_cache_badges_player,larpmanager/management/commands/automate.py,1,1
get_cache_config_run,larpmanager/cache/run.py,1,1
get_cache_event_role,larpmanager/cache/role.py,1,1
get_cache_index_permission,larpmanager/cache/permission.py,1,1
get_cache_lm_home,larpmanager/cache/larpmanager.py,1,1
get_cache_skin,larpmanager/cache/skin.py,1,1
get_casting_choices_characters,larpmanager/views/orga/casting.py,1,1
get_casting_choices_quests,larpmanager/views/orga/casting.py,1,1
get_casting_data,larpmanager/views/orga/casting.py,1,1
get_character_optimized,larpmanager/views/orga/character.py,1,1
get_character_sheet_factions,larpmanager/utils/character.py,1,1
get_character_sheet_fields,larpmanager/utils/character.py,1,1
get_character_sheet_plots,larpmanager/utils/character.py,1,1
get_character_sheet_prologue,larpmanager/utils/character.py,1,1
get_character_sheet_px,larpmanager/utils/character.py,1,1
get_character_sheet_questbuilder,larpmanager/utils/character.py,1,1
get_character_sheet_speedlarp,larpmanager/utils/character.py,1,1
get_client_ip,larpmanager/views/api.py,1,1
get_collection_redeem,larpmanager/utils/common.py,1,1
get_def_writing_types,larpmanager/models/form.py,1,1
get_details,larpmanager/models/accounting.py,1,1
get_discount,larpmanager/utils/common.py,1,1
get_event_button_cache,larpmanager/cache/button.py,1,1
get_event_cache_characters,larpmanager/cache/character.py,1,1
get_event_cache_fields,larpmanager/cache/character.py,1,1
get_event_cache_traits,larpmanager/cache/character.py,1,1
get_event_char_rels,larpmanager/cache/rels.py,1,1
get_event_faction_rels,larpmanager/cache/rels.py,1,1
get_event_fields_cache,larpmanager/cache/fields.py,1,1
get_event_plot_rels,larpmanager/cache/rels.py,1,1
get_event_prologue_rels,larpmanager/cache/rels.py,1,1
get_event_quest_rels,larpmanager/cache/rels.py,1,1
get_event_questtype_rels,larpmanager/cache/rels.py,1,1
get_event_role,larpmanager/cache/role.py,1,1
get_event_speedlarp_rels,larpmanager/cache/rels.py,1,1
get_event_text_cache,larpmanager/utils/text.py,1,1
get_event_text_cache_def,larpmanager/utils/text.py,1,1
get_exec_language,larpmanager/mail/base.py,1,1
get_expense_mail,larpmanager/mail/accounting.py,1,1
get_features_cache,larpmanager/cache/wwyltd.py,1,1
get_form_kwargs,larpmanager/views/auth.py,1,1
get_free_abilities,larpmanager/utils/experience.py,1,1
get_guides_cache,larpmanager/cache/wwyltd.py,1,1
get_handout_template,larpmanager/utils/common.py,1,1
get_lang,larpmanager/middleware/locale.py,1,1
get_leaderboard,larpmanager/utils/member.py,1,1
get_main_info,larpmanager/middleware/association.py,1,1
get_member_filepath,larpmanager/models/member.py,1,1
get_odt_content,larpmanager/utils/pdf.py,1,1
get_option_key_count,larpmanager/forms/base.py,1,1
get_option_key_count,larpmanager/forms/writing.py,1,1
get_options_dependencies,larpmanager/views/user/character.py,1,1
get_password_reminder_email,larpmanager/mail/member.py,1,1
get_paypal_form,larpmanager/accounting/gateway.py,1,1
get_player_relationship,larpmanager/utils/common.py,1,1
get_prologue_type,larpmanager/utils/common.py,1,1
get_redsys_form,larpmanager/accounting/gateway.py,1,1
get_reg_iscr,larpmanager/accounting/registration.py,1,1
get_reg_transactions,larpmanager/accounting/registration.py,1,1
get_registration_accounting_cache,larpmanager/cache/accounting.py,1,1
get_registration_gift,larpmanager/views/user/registration.py,1,1
get_registration_options,larpmanager/utils/registration.py,1,1
get_remember_membership_body,larpmanager/mail/remind.py,1,1
get_remember_membership_fee_body,larpmanager/mail/remind.py,1,1
get_remember_pay_body,larpmanager/mail/remind.py,1,1
get_remember_profile_body,larpmanager/mail/remind.py,1,1
get_residence,larpmanager/models/member.py,1,1
get_run,larpmanager/admin/accounting.py,1,1
get_run,larpmanager/utils/event.py,1,1
get_satispay_form,larpmanager/accounting/gateway.py,1,1
get_stripe_form,larpmanager/accounting/gateway.py,1,1
get_sumup_form,larpmanager/accounting/gateway.py,1,1
get_token_stats,larpmanager/models/miscellanea.py,1,1
get_tutorials_cache,larpmanager/cache/wwyltd.py,1,1
get_users_data,larpmanager/utils/deadlines.py,1,1
get_workshop,larpmanager/utils/common.py,1,1
get_writing_max_length,larpmanager/models/form.py,1,1
go,larpmanager/management/commands/automate.py,1,1
go_polib,larpmanager/management/commands/translate.py,1,1
go_upload,larpmanager/utils/upload.py,1,1
handle_accounting_item_collection_post_,larpmanager/accounting/base.py,1,1
handle_accounting_item_payment_pre_,larpmanager/accounting/base.py,1,1
handle_badge_assignment_notifications,larpmanager/mail/member.py,1,1
handle_bulk_ability,larpmanager/utils/bulk.py,1,1
handle_bulk_items,larpmanager/utils/bulk.py,1,1
handle_collection_pre_,larpmanager/accounting/base.py,1,1
handle_invalid_paypal_ipn,larpmanager/accounting/gateway.py,1,1
handle_registration_accounting_updates,larpmanager/accounting/registration.py,1,1
handle_tokes_credits,larpmanager/accounting/token_credit.py,1,1
handle_valid_paypal_ipn,larpmanager/accounting/gateway.py,1,1
has_access_character,larpmanager/utils/event.py,1,1
has_ticket_primary,larpmanager/forms/registration.py,1,1
init_bring_friend,larpmanager/forms/registration.py,1,1
init_cache_assoc,larpmanager/cache/association.py,1,1
init_cache_config_run,larpmanager/cache/run.py,1,1
init_cache_reg_field,larpmanager/cache/text_fields.py,1,1
init_cache_run,larpmanager/cache/run.py,1,1
init_cache_skin,larpmanager/cache/skin.py,1,1
init_cache_text_field,larpmanager/cache/text_fields.py,1,1
init_campaign,larpmanager/forms/event.py,1,1
init_character,larpmanager/forms/registration.py,1,1
init_editor,larpmanager/forms/base.py,1,1
init_event_cache_all,larpmanager/cache/character.py,1,1
init_multiple,larpmanager/forms/base.py,1,1
init_paragraph,larpmanager/forms/base.py,1,1
init_question,larpmanager/forms/registration.py,1,1
init_questions,larpmanager/forms/registration.py,1,1
init_single,larpmanager/forms/base.py,1,1
init_special,larpmanager/forms/base.py,1,1
init_surcharge,larpmanager/forms/registration.py,1,1
init_text,larpmanager/forms/base.py,1,1
init_type,larpmanager/forms/base.py,1,1
installment_check,larpmanager/accounting/registration.py,1,1
invoice_verify,larpmanager/accounting/invoice.py,1,1
is_ajax,larpmanager/middleware/base.py,1,1
is_allowed_managed,larpmanager/utils/base.py,1,1
is_ignorable_404,larpmanager/middleware/broken.py,1,1
is_shuttle,larpmanager/utils/base.py,1,1
join_email,larpmanager/mail/base.py,1,1
larpmanager_sitemap,larpmanager/urls/sitemap.py,1,1
lm_home,larpmanager/views/larpmanager.py,1,1
log_registration_ticket_d,larpmanager/accounting/registration.py,1,1
ludomanager,larpmanager/views/larpmanager.py,1,1
mail_confirm_casting,larpmanager/mail/base.py,1,1
mail_error,larpmanager/utils/tasks.py,1,1
mark_as_used,larpmanager/models/miscellanea.py,1,1
max_selections_validator,larpmanager/forms/base.py,1,1
member_add_accountingitemother,larpmanager/views/exe/member.py,1,1
member_add_accountingitempayment,larpmanager/views/exe/member.py,1,1
my_send_mail_bkg,larpmanager/utils/tasks.py,1,1
notify_credit,larpmanager/mail/accounting.py,1,1
notify_deadlines,larpmanager/mail/remind.py,1,1
notify_membership_approved,larpmanager/mail/member.py,1,1
notify_membership_reject,larpmanager/mail/member.py,1,1
notify_pay_credit,larpmanager/mail/accounting.py,1,1
notify_pay_money,larpmanager/mail/accounting.py,1,1
notify_pay_token,larpmanager/mail/accounting.py,1,1
notify_refund,larpmanager/mail/accounting.py,1,1
notify_refund_request,larpmanager/mail/accounting.py,1,1
notify_token,larpmanager/mail/accounting.py,1,1
on_association_post__reset_features_cache,larpmanager/cache/feature.py,1,1
on_character_pre__update_cache,larpmanager/cache/character.py,1,1
on_character_update_registration_cache,larpmanager/cache/registration.py,1,1
on_event_post__reset_config_cache,larpmanager/cache/run.py,1,1
on_event_pre__invalidate_cache,larpmanager/cache/run.py,1,1
on_faction_pre__update_cache,larpmanager/cache/character.py,1,1
on_quest_pre__update_cache,larpmanager/cache/character.py,1,1
on_quest_type_pre__update_cache,larpmanager/cache/character.py,1,1
on_registration_post__reset_event_links,larpmanager/cache/links.py,1,1
on_run_post__reset_config_cache,larpmanager/cache/run.py,1,1
on_run_pre__invalidate_cache,larpmanager/cache/run.py,1,1
on_trait_pre__update_cache,larpmanager/cache/character.py,1,1
orga_character_form_download,larpmanager/utils/download.py,1,1
orga_list_progress_assign,larpmanager/utils/writing.py,1,1
orga_registration_form_download,larpmanager/utils/download.py,1,1
orga_registrations_custom,larpmanager/views/orga/registration.py,1,1
orga_registrations_membership,larpmanager/views/orga/registration.py,1,1
orga_tickets_download,larpmanager/utils/download.py,1,1
payment_received,larpmanager/accounting/payment.py,1,1
prepare_association_skin_features,larpmanager/utils/association.py,1,1
prepare_campaign_event_data,larpmanager/utils/event.py,1,1
prepare_foreign,larpmanager/management/commands/import_features.py,1,1
prepare_m2m,larpmanager/management/commands/import_features.py,1,1
prepare_xml,larpmanager/utils/einvoice.py,1,1
print_character_bkg,larpmanager/utils/pdf.py,1,1
print_run_bkg,larpmanager/utils/pdf.py,1,1
print_volunteer_registry,larpmanager/utils/pdf.py,1,1
process_accounting_discount_post_,larpmanager/accounting/registration.py,1,1
process_character_ticket_options,larpmanager/utils/registration.py,1,1
process_collection_status_change,larpmanager/accounting/payment.py,1,1
process_membership_status_updates,larpmanager/utils/member.py,1,1
process_payment,larpmanager/utils/einvoice.py,1,1
process_payment_invoice_status_change,larpmanager/accounting/payment.py,1,1
process_refund_request_status_change,larpmanager/accounting/payment.py,1,1
process_registration_event_change,larpmanager/utils/registration.py,1,1
process_registration_option_post_,larpmanager/accounting/registration.py,1,1
process_registration_pre_,larpmanager/accounting/registration.py,1,1
promoter_dict,larpmanager/models/association.py,1,1
query_index,larpmanager/utils/tutorial_query.py,1,1
quota_check,larpmanager/accounting/registration.py,1,1
redr,larpmanager/views/larpmanager.py,1,1
redsys_check_response,larpmanager/accounting/gateway.py,1,1
redsys_generate_request,larpmanager/accounting/gateway.py,1,1
redsys_invoice_cod,larpmanager/accounting/gateway.py,1,1
redsys_webhook,larpmanager/accounting/gateway.py,1,1
refresh_all_instance_traits,larpmanager/models/casting.py,1,1
register,larpmanager/views/auth.py,1,1
register,larpmanager/views/user/registration.py,1,1
register_info,larpmanager/views/user/registration.py,1,1
registration_payments,larpmanager/mail/registration.py,1,1
registration_payments_status,larpmanager/accounting/registration.py,1,1
registration_redirect,larpmanager/views/user/registration.py,1,1
registration_status_characters,larpmanager/utils/registration.py,1,1
registration_status_signed,larpmanager/utils/registration.py,1,1
registration_tokens_credits_overpay,larpmanager/accounting/token_credit.py,1,1
registration_tokens_credits_use,larpmanager/accounting/token_credit.py,1,1
registrations_load,larpmanager/utils/upload.py,1,1
registrations_popup,larpmanager/views/orga/registration.py,1,1
remind_reg,larpmanager/management/commands/automate.py,1,1
replace_character_names_before_,larpmanager/utils/writing.py,1,1
replace_chars,larpmanager/templatetags/show_tags.py,1,1
reset_element_configs,larpmanager/cache/config.py,1,1
satispay_webhook,larpmanager/accounting/gateway.py,1,1
_event_character_form,larpmanager/utils/event.py,1,1
_event_registration_form,larpmanager/utils/event.py,1,1
_event_tickets,larpmanager/utils/event.py,1,1
_payment_details,larpmanager/models/utils.py,1,1
_reg_multiple,larpmanager/forms/base.py,1,1
_reg_single,larpmanager/forms/base.py,1,1
_reg_text,larpmanager/forms/base.py,1,1
_registration_bring_friend,larpmanager/views/user/registration.py,1,1
_registration_standard,larpmanager/views/user/registration.py,1,1
_user,larpmanager/utils/auth.py,1,1
sel_ticket_map,larpmanager/forms/registration.py,1,1
send_character_assignment_email,larpmanager/mail/registration.py,1,1
send_character_status_update_email,larpmanager/mail/base.py,1,1
send_chat_message_notification_email,larpmanager/mail/member.py,1,1
send_collection_activation_email,larpmanager/mail/accounting.py,1,1
send_donation_confirmation_email,larpmanager/mail/accounting.py,1,1
send_expense_approval_email,larpmanager/mail/accounting.py,1,1
send_expense_notification_email,larpmanager/mail/accounting.py,1,1
send_gift_collection_notification_email,larpmanager/mail/accounting.py,1,1
send_help_question_notification_email,larpmanager/mail/member.py,1,1
send_membership_confirm,larpmanager/mail/member.py,1,1
send_membership_payment_notification_email,larpmanager/mail/member.py,1,1
send_password_reset_remainder,larpmanager/mail/member.py,1,1
send_payment_confirmation_email,larpmanager/mail/accounting.py,1,1
send_pre_registration_confirmation_email,larpmanager/mail/registration.py,1,1
send_registration_cancellation_email,larpmanager/mail/registration.py,1,1
send_registration_deletion_email,larpmanager/mail/registration.py,1,1
send_support_ticket_email,larpmanager/mail/base.py,1,1
send_token_credit_notification_email,larpmanager/mail/accounting.py,1,1
send_trait_assignment_email,larpmanager/mail/base.py,1,1
set_config_casting,larpmanager/forms/event.py,1,1
set_config_char_form,larpmanager/forms/event.py,1,1
set_config_character,larpmanager/forms/event.py,1,1
set_config_custom,larpmanager/forms/event.py,1,1
set_config_einvoice,larpmanager/forms/association.py,1,1
set_config_gallery,larpmanager/forms/event.py,1,1
set_config_members,larpmanager/forms/association.py,1,1
set_config_others,larpmanager/forms/association.py,1,1
set_config_reg_form,larpmanager/forms/event.py,1,1
set_config_registration,larpmanager/forms/event.py,1,1
set_config_structure,larpmanager/forms/event.py,1,1
set_config_writing,larpmanager/forms/event.py,1,1
set_data_invoice,larpmanager/accounting/payment.py,1,1
set_free_abilities,larpmanager/utils/experience.py,1,1
set_m2m,larpmanager/management/commands/import_features.py,1,1
show_factions,larpmanager/models/writing.py,1,1
show_trait,larpmanager/templatetags/show_tags.py,1,1
similarity,larpmanager/utils/tutorial_query.py,1,1
skip_ticket_max,larpmanager/forms/registration.py,1,1
skip_ticket_reduced,larpmanager/forms/registration.py,1,1
skip_ticket_type,larpmanager/forms/registration.py,1,1
stripe_webhook,larpmanager/accounting/gateway.py,1,1
sumup_webhook,larpmanager/accounting/gateway.py,1,1
tickets_load,larpmanager/utils/upload.py,1,1
tooltip_factions,larpmanager/templatetags/show_tags.py,1,1
tooltip_fields,larpmanager/templatetags/show_tags.py,1,1
unique_contribute_code,larpmanager/models/accounting.py,1,1
unique_redeem_code,larpmanager/models/accounting.py,1,1
unique_util_cod,larpmanager/forms/miscellanea.py,1,1
update_assoc_features,larpmanager/cache/feature.py,1,1
update_assoc_permission_feature,larpmanager/cache/permission.py,1,1
update_association_text_cache_on_,larpmanager/utils/text.py,1,1
update_cache_lm_home,larpmanager/cache/larpmanager.py,1,1
update_cache_reg_fields,larpmanager/cache/text_fields.py,1,1
update_cache_reg_fields_answer,larpmanager/cache/text_fields.py,1,1
update_cache_text_fields,larpmanager/cache/text_fields.py,1,1
update_cache_text_fields_answer,larpmanager/cache/text_fields.py,1,1
update_character_fields,larpmanager/cache/character.py,1,1
update_content,larpmanager/utils/pdf.py,1,1
update_credit_on_expense_,larpmanager/accounting/token_credit.py,1,1
update_event_button,larpmanager/cache/button.py,1,1
update_event_cache_all_character,larpmanager/cache/character.py,1,1
update_event_cache_all_character_reg,larpmanager/cache/character.py,1,1
update_event_cache_all_faction,larpmanager/cache/character.py,1,1
update_event_features,larpmanager/cache/feature.py,1,1
update_event_fields,larpmanager/cache/fields.py,1,1
update_event_permission_feature,larpmanager/cache/permission.py,1,1
update_event_text_cache_on_,larpmanager/utils/text.py,1,1
update_index_permission,larpmanager/cache/permission.py,1,1
update_invoice_gross_fee,larpmanager/accounting/payment.py,1,1
update_leaderboard,larpmanager/utils/member.py,1,1
update_member_event_character_cache,larpmanager/cache/character.py,1,1
update_member_registrations,larpmanager/accounting/registration.py,1,1
update_model_search_field,larpmanager/models/base.py,1,1
update_reg_counts,larpmanager/cache/registration.py,1,1
update_registration_accounting,larpmanager/accounting/registration.py,1,1
update_registration_cancellation,larpmanager/mail/registration.py,1,1
update_registration_status,larpmanager/mail/registration.py,1,1
update_run_plan_on_event_change,larpmanager/utils/event.py,1,1
update_token_credit_on_other_,larpmanager/accounting/token_credit.py,1,1
update_token_credit_on_payment_delete,larpmanager/accounting/token_credit.py,1,1
update_token_credit_on_payment_,larpmanager/accounting/token_credit.py,1,1
update_traits_text,larpmanager/models/casting.py,1,1
upload_albums,larpmanager/utils/miscellanea.py,1,1
upload_albums_dir,larpmanager/utils/miscellanea.py,1,1
upload_albums_el,larpmanager/utils/miscellanea.py,1,1
user_edit,larpmanager/utils/edit.py,1,1
valid_workshop_answer,larpmanager/views/user/miscellanea.py,1,1
validate_api_key,larpmanager/views/api.py,1,1
writing_bulk,larpmanager/utils/writing.py,1,1
writing_edit_cache_key,larpmanager/utils/edit.py,1,1
writing_edit__ajax,larpmanager/utils/edit.py,1,1
writing_example,larpmanager/utils/writing.py,1,1
writing_list_char,larpmanager/utils/writing.py,1,1
writing_list_faction,larpmanager/utils/writing.py,1,1
writing_list_plot,larpmanager/utils/writing.py,1,1
writing_list_prologue,larpmanager/utils/writing.py,1,1
writing_list_query,larpmanager/utils/writing.py,1,1
writing_list_quest,larpmanager/utils/writing.py,1,1
writing_list_questtype,larpmanager/utils/writing.py,1,1
writing_list_speedlarp,larpmanager/utils/writing.py,1,1
writing_list_text_fields,larpmanager/utils/writing.py,1,1
writing_load,larpmanager/utils/upload.py,1,1
writing_popup,larpmanager/utils/writing.py,1,1
writing_popup_question,larpmanager/utils/writing.py,1,1
